snapped_at,price,market_cap,total_volume
2021-04-30 00:00:00 UTC,23.327418267811513,0.0,16576656.85415079
2021-05-01 00:00:00 UTC,23.327418267811513,0.0,16576656.85415079
2021-05-02 00:00:00 UTC,18.915452769785436,0.0,31537632.939870752
2021-05-03 00:00:00 UTC,21.309982603593916,0.0,1009195.8446439038
2021-05-04 00:00:00 UTC,17.993651917843852,0.0,699889.2299604575
2021-05-05 00:00:00 UTC,17.163757989667264,0.0,589831.3806043881
2021-05-06 00:00:00 UTC,20.37417305592226,0.0,643686.6350806553
2021-05-07 00:00:00 UTC,20.35803408278151,0.0,317173.6974546396
2021-05-08 00:00:00 UTC,22.69182537057885,0.0,759911.1074163956
2021-05-09 00:00:00 UTC,21.803820175936117,14068430.8850876,285023.3306484662
2021-05-10 00:00:00 UTC,21.640955761276945,14010778.930506691,302650.7516843505
2021-05-11 00:00:00 UTC,19.40174673710863,12537008.249546224,183536.9577958956
2021-05-12 00:00:00 UTC,22.528725139536558,14552015.11636743,482588.6901119545
2021-05-13 00:00:00 UTC,21.02484700647569,14403363.730772784,371049.4789011943
2021-05-14 00:00:00 UTC,24.10487648003357,15881696.57811799,927854.6685294351
2021-05-15 00:00:00 UTC,22.241850764342143,15261927.64685122,841290.4583684297
2021-05-16 00:00:00 UTC,19.998882121847544,14273864.904853845,232231.82092647546
2021-05-17 00:00:00 UTC,20.786192610877094,14206773.236714827,409694.22634507815
2021-05-18 00:00:00 UTC,18.432931335873636,12638751.448014146,367175.15872736933
2021-05-19 00:00:00 UTC,20.8596540859903,16100806.234466061,375368.71484334
2021-05-20 00:00:00 UTC,16.604396734652695,18618011.205023,305717.8964710538
2021-05-21 00:00:00 UTC,16.381050176148257,18367690.02048102,683501.0529046757
2021-05-22 00:00:00 UTC,15.431623646841393,17162794.778437518,508730.46921473625
2021-05-23 00:00:00 UTC,13.639668394906627,15233418.974745734,326436.0455776362
2021-05-24 00:00:00 UTC,11.04017821245557,12277024.889119552,660333.5804464903
2021-05-25 00:00:00 UTC,11.693316622453288,13027737.66317592,546017.7392075378
2021-05-26 00:00:00 UTC,12.907376228465163,14437445.634376533,404145.72451302264
2021-05-27 00:00:00 UTC,13.36197915708653,14934207.141998274,401884.5525737451
2021-05-28 00:00:00 UTC,13.100661715052972,14760910.925697787,236330.05057918688
2021-05-29 00:00:00 UTC,12.171686474644265,13695179.360758618,192686.85268637247
2021-05-30 00:00:00 UTC,11.459388621789437,12894894.11600129,193021.04160964955
2021-05-31 00:00:00 UTC,11.908383225202643,13290418.290063445,59237.908879084134
2021-06-01 00:00:00 UTC,12.128850954564564,13619860.120204553,127284.80980305893
2021-06-02 00:00:00 UTC,11.663660790265302,13149744.527495706,120034.2194339969
2021-06-03 00:00:00 UTC,10.399207589605702,11767177.8356707,571507.5711063057
2021-06-04 00:00:00 UTC,10.538292890508032,12057094.018098675,239941.3366270984
2021-06-05 00:00:00 UTC,10.76753851650889,12162919.918682568,154881.72785629722
2021-06-06 00:00:00 UTC,11.388928540158428,12828947.699364757,106204.59069591985
2021-06-07 00:00:00 UTC,11.211862273587796,12661522.095038095,52049.91259377696
2021-06-08 00:00:00 UTC,11.242131744742336,12758566.731028192,371379.9075919078
2021-06-09 00:00:00 UTC,10.737047753058988,12200178.468202457,190901.99157647896
2021-06-10 00:00:00 UTC,10.714744510148638,12201054.812580118,107210.67593596478
2021-06-11 00:00:00 UTC,10.77989153707514,12256767.356913123,52249.05857420606
2021-06-12 00:00:00 UTC,10.399306918307495,11767422.336880181,83629.64594383747
2021-06-13 00:00:00 UTC,9.964542430681243,11545300.796475023,141828.62667454217
2021-06-14 00:00:00 UTC,11.815290874917428,13675832.999091351,865610.0018765877
2021-06-15 00:00:00 UTC,11.048824572695864,12807760.767711448,172081.12225661587
2021-06-16 00:00:00 UTC,11.225970744498925,13003571.30116404,22896.788254080693
2021-06-17 00:00:00 UTC,10.72198198448754,12411601.479386287,36390.19696135507
2021-06-18 00:00:00 UTC,10.830160056718093,12607976.582581814,434924.74718214985
2021-06-19 00:00:00 UTC,10.187182599472104,11740630.309616152,277878.03884227434
2021-06-20 00:00:00 UTC,9.818068925615407,11433282.568524012,21492.07176057478
2021-06-21 00:00:00 UTC,9.899542563804681,11499509.932362115,33694.49940899476
2021-06-22 00:00:00 UTC,8.872051767906335,10505311.55466903,187771.4259624838
2021-06-23 00:00:00 UTC,7.1987812965775495,8461075.368989876,276327.22966101597
2021-06-24 00:00:00 UTC,7.370578268875571,8558307.688463025,59037.076009108925
2021-06-25 00:00:00 UTC,7.0979704377040225,8342458.15019608,112023.7125329354
2021-06-26 00:00:00 UTC,6.978630890572968,10993093.726907622,82032.17013351346
2021-06-27 00:00:00 UTC,6.9968963008962435,10976134.969636599,21498.403367905128
2021-06-28 00:00:00 UTC,7.026831194974018,11066575.010710936,8250.570732012939
2021-06-29 00:00:00 UTC,6.9769312936689145,10969649.87515799,25543.91807752035
2021-06-30 00:00:00 UTC,6.9812234916077385,11043720.957433963,92783.52587924812
2021-07-01 00:00:00 UTC,6.985908869019938,11027766.854615541,34703.543473128324
2021-07-02 00:00:00 UTC,6.429684817612001,10140383.763780385,70595.17957900796
2021-07-03 00:00:00 UTC,6.602629983501371,10395879.035519285,77594.15752054928
2021-07-04 00:00:00 UTC,6.569603845356198,10343236.588335447,41676.74255164032
2021-07-05 00:00:00 UTC,6.50945093552415,10287225.041750465,50059.72504333787
2021-07-06 00:00:00 UTC,6.636381279480529,10991975.256693177,137466.1604923771
2021-07-07 00:00:00 UTC,7.010285697912847,11825451.759765299,126613.4377778755
2021-07-08 00:00:00 UTC,7.321961113127139,12486186.751688533,228558.27699544214
2021-07-09 00:00:00 UTC,7.527520536565106,12939283.27507105,61290.724519940675
2021-07-10 00:00:00 UTC,7.700763427870248,13282968.459505467,203417.6203215556
2021-07-11 00:00:00 UTC,7.395246631097656,12805731.204535253,68573.09155067621
2021-07-12 00:00:00 UTC,7.442523434896997,16102633.85042743,5050.75356132186
2021-07-13 00:00:00 UTC,7.540889110266438,16329965.366565607,76983.29369952496
2021-07-14 00:00:00 UTC,7.256373665622648,15731680.657570891,61188.684159520155
2021-07-15 00:00:00 UTC,6.910804257071342,15002068.82877349,85892.82638260418
2021-07-16 00:00:00 UTC,6.738496849855619,14661572.198675228,66760.62419496561
2021-07-17 00:00:00 UTC,6.655480619635247,14426502.985497713,19537.34016581649
2021-07-18 00:00:00 UTC,6.795018970463555,14727246.506748104,3242.7849463807024
2021-07-19 00:00:00 UTC,6.665578948061074,14393003.224096652,11594.728098080855
2021-07-20 00:00:00 UTC,6.402118733745939,13955736.296511577,109391.72602397043
2021-07-21 00:00:00 UTC,6.300694587976065,13735288.361927869,52922.91889840297
2021-07-22 00:00:00 UTC,5.725691740161196,12640759.621052327,256189.96572218853
2021-07-23 00:00:00 UTC,5.613797436772882,12494689.696359606,44544.19765736922
2021-07-24 00:00:00 UTC,6.023799298891793,13349556.713956648,191411.95635532757
2021-07-25 00:00:00 UTC,5.686542913859966,12721349.666570812,21707.417296495452
2021-07-26 00:00:00 UTC,5.738572534760193,12917023.541375078,33524.03988302902
2021-07-27 00:00:00 UTC,5.650441087553511,12664745.340379052,24439.295043054986
2021-07-28 00:00:00 UTC,5.816287555719284,13020123.949341333,36744.37502055237
2021-07-29 00:00:00 UTC,6.011295344109054,13462015.0557213,124124.42067596779
2021-07-30 00:00:00 UTC,6.140830340766008,13718651.661540516,37704.751471813775
2021-07-31 00:00:00 UTC,5.97281903141287,13294348.078287523,173472.3538110714
2021-08-01 00:00:00 UTC,6.08179877973959,13651033.894663427,37554.34979376253
2021-08-02 00:00:00 UTC,6.0960265257835715,13773057.21704536,49677.248365660365
2021-08-03 00:00:00 UTC,6.930049155747974,15549942.106431313,365167.6705002008
2021-08-04 00:00:00 UTC,7.758645846912403,17509893.650994077,558699.1370238635
2021-08-05 00:00:00 UTC,7.8227179036348655,17687189.973355077,116285.5342334299
2021-08-06 00:00:00 UTC,10.660454385627045,24130034.85682983,966538.4410339188
2021-08-07 00:00:00 UTC,10.25212746012606,23096482.63286687,678795.009776175
2021-08-08 00:00:00 UTC,14.38751755526974,32593915.165563498,2249383.6323441765
2021-08-09 00:00:00 UTC,14.255069939316881,33197737.210566808,537890.9109037921
2021-08-10 00:00:00 UTC,12.123624653164885,27938581.7226131,630879.6318337629
2021-08-11 00:00:00 UTC,12.115122139040954,27430237.720499575,81259.51256267993
2021-08-12 00:00:00 UTC,11.807461339760138,26774580.181099907,365910.7249986431
2021-08-13 00:00:00 UTC,13.860988082127642,31470007.12523556,406345.00660134293
2021-08-14 00:00:00 UTC,14.97861619947611,34085118.25459203,540523.8362667458
2021-08-15 00:00:00 UTC,14.306547083391072,32601426.771852296,114994.49465135085
2021-08-16 00:00:00 UTC,13.812795835065527,31517941.63159607,119240.56063618316
2021-08-17 00:00:00 UTC,11.092976397572995,25368666.012802288,832798.5776707069
2021-08-18 00:00:00 UTC,16.053708755939816,36680896.65969787,1828456.3720808204
2021-08-19 00:00:00 UTC,18.21184499415358,41959889.02049048,1747865.7731210354
2021-08-20 00:00:00 UTC,16.69608249891879,37810659.16010192,1328476.7770779827
2021-08-21 00:00:00 UTC,16.8977723370641,38876470.02551102,557840.8417910939
2021-08-22 00:00:00 UTC,16.080503638994028,37077932.71132734,304365.633215944
2021-08-23 00:00:00 UTC,16.136940229892403,37202451.67657504,345497.83932880824
2021-08-24 00:00:00 UTC,15.229413751177088,34763653.744743854,1821808.776239928
2021-08-25 00:00:00 UTC,15.171681110071562,35023676.46424788,168874.10661943728
2021-08-26 00:00:00 UTC,15.236984459407928,35138808.567711174,411072.9516604442
2021-08-27 00:00:00 UTC,15.143332589872154,35092931.97310522,68784.05625325284
2021-08-28 00:00:00 UTC,14.877737855852292,34432516.173826486,216056.52815050003
2021-08-29 00:00:00 UTC,14.767670573246582,34218045.47844533,223769.13754021443
2021-08-30 00:00:00 UTC,13.621137975392795,32159374.83591015,328728.8118829196
2021-08-31 00:00:00 UTC,12.315959476934486,29347545.272314847,290666.51156138285
2021-09-01 00:00:00 UTC,12.281693252565784,29047745.12242213,222349.46538927895
2021-09-02 00:00:00 UTC,13.386013744383707,31589554.280666426,255065.99915825838
2021-09-03 00:00:00 UTC,13.580757222165857,32158299.90634997,402419.8054876184
2021-09-04 00:00:00 UTC,12.56573192924658,29756130.301052146,418307.151115288
2021-09-05 00:00:00 UTC,12.280561264151315,29161424.4135542,210632.97003151407
2021-09-06 00:00:00 UTC,12.176244777984207,28914291.00517582,55865.049109689426
2021-09-07 00:00:00 UTC,11.924625907455663,28279273.802147456,236890.91139639428
2021-09-08 00:00:00 UTC,11.799134668858182,28084401.22866452,73497.72446268323
2021-09-09 00:00:00 UTC,10.609103848462981,25278274.295135953,231860.4616970792
2021-09-10 00:00:00 UTC,10.346928710407049,24629618.710511763,97694.63439743636
2021-09-11 00:00:00 UTC,10.582519179553975,25152538.12863954,142411.5549307447
2021-09-12 00:00:00 UTC,9.886684045798638,23513784.802641496,298225.49618628994
2021-09-13 00:00:00 UTC,10.498595869351606,25179763.75910276,265297.3180595545
2021-09-14 00:00:00 UTC,10.214138616943163,24303162.867530096,180000.36441080173
2021-09-15 00:00:00 UTC,10.255196630075426,24570946.54553391,77390.69156249569
2021-09-16 00:00:00 UTC,10.472243050758554,24970265.177180745,96175.4511518337
2021-09-17 00:00:00 UTC,9.961152458133748,23729243.259902354,148214.2077421389
2021-09-18 00:00:00 UTC,9.230820676831803,21991377.09912343,196372.4686958994
2021-09-19 00:00:00 UTC,9.16539417836927,21881146.623531498,164571.96565497405
2021-09-20 00:00:00 UTC,11.378397985126904,27266002.173454385,973383.7427447533
2021-09-21 00:00:00 UTC,11.0712666378979,26450341.610390663,194553.65435710526
2021-09-22 00:00:00 UTC,11.42763938421171,27379722.581143837,397024.1711075753
2021-09-23 00:00:00 UTC,16.399225731490116,38852058.20758572,1472672.9069464512
2021-09-24 00:00:00 UTC,15.175715716078855,36411101.83326583,1290701.866829742
2021-09-25 00:00:00 UTC,14.613106341911589,35256928.6039952,938018.9885973014
2021-09-26 00:00:00 UTC,14.124352771775827,34090380.1172229,465673.4580360354
2021-09-27 00:00:00 UTC,12.9030600233502,30813136.823292233,658990.8341475691
2021-09-28 00:00:00 UTC,15.392832721806094,37234609.42252531,875453.883242145
2021-09-29 00:00:00 UTC,14.735137728659339,35225279.17756202,392609.5759512863
2021-09-30 00:00:00 UTC,15.11031659893948,36456902.09719784,416667.2572917476
2021-10-01 00:00:00 UTC,14.092186567151893,34021764.359775566,598418.363774887
2021-10-02 00:00:00 UTC,13.917427849066932,33595292.522973076,1227897.5629952014
2021-10-03 00:00:00 UTC,17.537028368595212,42361666.03666615,2338139.4962219
2021-10-04 00:00:00 UTC,18.144551573050506,43823651.89418782,805002.5593925144
2021-10-05 00:00:00 UTC,16.488848718439296,40080877.337383926,554358.6119560037
2021-10-06 00:00:00 UTC,17.491389094934146,42603183.74073198,322135.75856301695
2021-10-07 00:00:00 UTC,19.66083101167177,47898482.068418324,1265795.5594999613
2021-10-08 00:00:00 UTC,16.958260756385325,41512655.91247459,1048479.0165796827
2021-10-09 00:00:00 UTC,15.854338149753016,39231305.07289882,770408.6903886901
2021-10-10 00:00:00 UTC,16.569186733621052,40960123.84362603,368216.97496887995
2021-10-11 00:00:00 UTC,17.285801171724135,42840900.63916526,488545.62313961034
2021-10-12 00:00:00 UTC,19.9393607122602,49592354.500456,3060433.1056328057
2021-10-13 00:00:00 UTC,23.250842491286363,58219470.81380634,2194018.152309684
2021-10-14 00:00:00 UTC,36.13814658473083,92289381.0807687,12660354.17672704
2021-10-15 00:00:00 UTC,33.85233508248787,86000035.42936417,13371117.696734164
2021-10-16 00:00:00 UTC,27.594157681117224,76392640.1528878,4940333.465408115
2021-10-17 00:00:00 UTC,27.901398942927273,77600308.07182528,1653494.7057481715
2021-10-18 00:00:00 UTC,28.89632235015685,79879557.02617663,2946342.5986674954
2021-10-19 00:00:00 UTC,30.58874709160456,84222046.79606561,3748847.515720169
2021-10-20 00:00:00 UTC,28.262927023380943,79335424.06177594,3280233.2919903877
2021-10-21 00:00:00 UTC,25.554094538296326,71485748.52950315,3401051.306361416
2021-10-22 00:00:00 UTC,26.451457944887412,73671147.49385753,1528968.450861395
2021-10-23 00:00:00 UTC,26.360521551242474,73641978.77145922,962242.2734013834
2021-10-24 00:00:00 UTC,25.669380491956886,71647560.70273988,1131905.59754072
2021-10-25 00:00:00 UTC,23.758504552463275,66340539.59100359,934503.1944246641
2021-10-26 00:00:00 UTC,24.014062130068865,67301533.18759254,2141308.080038157
2021-10-27 00:00:00 UTC,27.869284684721134,78034530.64257017,2361914.3983151475
2021-10-28 00:00:00 UTC,25.67574072180854,71701515.76403263,1510886.478125221
2021-10-29 00:00:00 UTC,23.17008463211348,64772994.05829849,980262.4619497311
2021-10-30 00:00:00 UTC,23.069799968559362,64400522.648932144,601437.2335466675
2021-10-31 00:00:00 UTC,21.917799810773424,61588271.38177073,861582.3259867758
2021-11-01 00:00:00 UTC,21.349052851524373,59901552.38387589,723426.4174217887
2021-11-02 00:00:00 UTC,26.401976045310292,74762504.16190253,6272737.239106716
2021-11-03 00:00:00 UTC,23.863911132671337,67004095.43013538,1835733.686315904
2021-11-04 00:00:00 UTC,23.870786032879472,67049652.481797,467971.1459438724
2021-11-05 00:00:00 UTC,24.41508366148074,68180404.49788415,536031.5821337041
2021-11-06 00:00:00 UTC,23.020086559182104,64583554.78774532,852532.4969625307
2021-11-07 00:00:00 UTC,19.805341033947332,55837771.805881284,848661.8657623427
2021-11-08 00:00:00 UTC,20.276300924066124,57112393.996804,642076.7290569377
2021-11-09 00:00:00 UTC,21.47018140659975,61454049.00432527,2649286.271664852
2021-11-10 00:00:00 UTC,22.027873945055973,62409448.086942114,866220.9641766506
2021-11-11 00:00:00 UTC,23.56192875405093,67083891.82540826,1859921.493834939
2021-11-12 00:00:00 UTC,22.41928443937544,63903256.69986414,833325.7181574317
2021-11-13 00:00:00 UTC,19.313447293771087,55215221.182283536,1008570.6660003588
2021-11-14 00:00:00 UTC,19.591313905101003,55879913.91260379,1430792.5766901113
2021-11-15 00:00:00 UTC,19.416853339065778,55439651.708716124,453735.90604851826
2021-11-16 00:00:00 UTC,19.612749023635125,56094084.81573373,648889.6285050946
2021-11-17 00:00:00 UTC,20.866760162731225,59759908.02557885,1458054.1055067284
2021-11-18 00:00:00 UTC,21.22395480631825,60535707.55033873,625372.0256021852
2021-11-19 00:00:00 UTC,24.452636304659887,70105614.84946832,5113541.265777153
2021-11-20 00:00:00 UTC,30.704450145414754,87989322.67438284,5687734.508391749
2021-11-21 00:00:00 UTC,37.51837773905506,107771373.73939072,4825330.759871049
2021-11-22 00:00:00 UTC,32.949127914874616,94937208.9903549,3890804.2171163163
2021-11-23 00:00:00 UTC,28.375441052802792,81666323.37500358,2676025.2373010307
2021-11-24 00:00:00 UTC,26.836799205644382,77173199.45171498,2143262.1869664453
2021-11-25 00:00:00 UTC,26.214225889802947,75547372.32270063,1388531.8024453283
2021-11-26 00:00:00 UTC,26.564712328982463,76457404.08900537,1012473.6705166668
2021-11-27 00:00:00 UTC,21.604686394516772,62178146.49116899,2760782.5956734754
2021-11-28 00:00:00 UTC,21.089045461235226,60856488.5857079,708277.1493299411
2021-11-29 00:00:00 UTC,20.704865214509386,59875729.651139714,739306.0728430715
2021-11-30 00:00:00 UTC,22.684572547876268,65406686.13653336,1180536.6122089638
2021-12-01 00:00:00 UTC,22.132259001881955,64363787.123806134,1143307.8150765265
2021-12-02 00:00:00 UTC,22.790759189294434,65889460.94661875,2013061.1664377549
2021-12-03 00:00:00 UTC,25.490435246822493,73374091.59256674,1807034.8624649895
2021-12-04 00:00:00 UTC,23.877908422405568,69411559.23230287,1370434.2590165897
2021-12-05 00:00:00 UTC,23.58941014538475,68437042.92245194,2172795.4439345174
2021-12-06 00:00:00 UTC,23.60446331990549,68403716.07994483,860624.8032184831
2021-12-07 00:00:00 UTC,19.95838494624362,57943888.28336796,1354677.888401272
2021-12-08 00:00:00 UTC,19.9469813743087,58063936.86085135,327190.7024188877
2021-12-09 00:00:00 UTC,19.588904521442068,57188130.86556257,387512.3242403552
2021-12-10 00:00:00 UTC,22.317505350313947,65083388.46591399,2556886.7571153915
2021-12-11 00:00:00 UTC,21.302560391778574,61641669.6321578,2854933.2980636866
2021-12-12 00:00:00 UTC,23.94505744622248,69060352.6154082,2148086.6292416295
2021-12-13 00:00:00 UTC,20.171157534630083,58664851.94571111,1376249.833008717
2021-12-14 00:00:00 UTC,19.927084237226012,57789083.34974935,478616.9086853565
2021-12-15 00:00:00 UTC,19.3645586472028,55973441.71395735,1056559.2610399283
2021-12-16 00:00:00 UTC,19.508647676543813,56513562.215277225,229317.68104482294
2021-12-17 00:00:00 UTC,18.522423892719942,53595953.64479469,1130756.9372756463
2021-12-18 00:00:00 UTC,18.1115631969012,52518113.40945892,296298.28972334054
2021-12-19 00:00:00 UTC,18.250705057223804,52918521.24410149,473595.78969226254
2021-12-20 00:00:00 UTC,17.53299124348726,51014856.712400585,275901.54752219596
2021-12-21 00:00:00 UTC,16.939554802717414,49459643.68604601,574697.0152524216
2021-12-22 00:00:00 UTC,15.826174044357378,46465944.256193094,649897.5159112001
2021-12-23 00:00:00 UTC,15.938256293222626,47533762.83631577,1020126.4654185906
2021-12-24 00:00:00 UTC,15.960856868591605,49257933.26690448,254829.88743291562
2021-12-25 00:00:00 UTC,16.284961461335694,50320611.77707958,264746.0235931835
2021-12-26 00:00:00 UTC,16.073643344603074,50196742.92639073,179373.35139933505
2021-12-27 00:00:00 UTC,15.9753235190828,49365844.350883804,223482.17173772719
2021-12-28 00:00:00 UTC,15.292533043158812,47256101.925676584,1721326.3042830871
2021-12-29 00:00:00 UTC,15.004901657645052,46445292.89669874,257344.38087173615
2021-12-30 00:00:00 UTC,18.4282679181842,56887314.007479966,1931835.9749179943
2021-12-31 00:00:00 UTC,18.100660714720696,56142270.17365374,1287944.5550829272
2022-01-01 00:00:00 UTC,17.74507846135126,55225592.80031853,565495.9168389185
2022-01-02 00:00:00 UTC,17.173419523076088,53327918.1196777,546624.5704338733
2022-01-03 00:00:00 UTC,16.308704055488302,50731197.38757457,650688.9646114614
2022-01-04 00:00:00 UTC,16.3557686656441,51473435.73660218,657896.0088322285
2022-01-05 00:00:00 UTC,21.418005740887935,69871475.76801082,4631667.987681113
2022-01-06 00:00:00 UTC,18.23739437675761,58840575.655088544,2142468.627653925
2022-01-07 00:00:00 UTC,17.525495950109864,56599282.41881415,1308089.8797432014
2022-01-08 00:00:00 UTC,15.394292576019462,51042027.37897361,1701288.7456728173
2022-01-09 00:00:00 UTC,14.56692880323784,48311907.562483415,641070.8449293535
2022-01-10 00:00:00 UTC,14.790724690733875,49032151.30065789,613908.6853591724
2022-01-11 00:00:00 UTC,14.296704976542038,47743916.42881288,947545.8289179774
2022-01-12 00:00:00 UTC,14.548362880850252,48712069.7264556,1017912.5712884886
2022-01-13 00:00:00 UTC,14.254696106281578,47807890.58952532,1186782.9801119112
2022-01-14 00:00:00 UTC,14.078045191911512,47035589.11844339,819824.4823177186
2022-01-15 00:00:00 UTC,14.173887159818053,47220428.56250741,693087.3789449832
2022-01-16 00:00:00 UTC,14.107111958443145,47176283.70562103,451900.293985517
2022-01-17 00:00:00 UTC,14.131163195038468,47246561.487991914,279775.0887515713
2022-01-18 00:00:00 UTC,13.931524717480068,46629255.37839719,683842.1597888648
2022-01-19 00:00:00 UTC,13.466306631689044,45221914.74648147,631020.3516393822
2022-01-20 00:00:00 UTC,12.375884770341603,41620312.63132072,2024565.558971151
2022-01-21 00:00:00 UTC,12.808544685367359,43031090.77134996,4339883.51351518
2022-01-22 00:00:00 UTC,11.236782895242122,37709459.51363447,923137.8556693655
2022-01-23 00:00:00 UTC,10.659513115518678,35773417.12254781,657153.644719093
2022-01-24 00:00:00 UTC,10.604765415371595,35577195.716083385,655742.8481074674
2022-01-25 00:00:00 UTC,12.2381683903787,41482214.48809011,3924480.063760182
2022-01-26 00:00:00 UTC,14.601194625037973,55125510.559329815,9114974.9489947
2022-01-27 00:00:00 UTC,15.309109798452297,63190609.21074229,8598409.622761747
2022-01-28 00:00:00 UTC,14.721040448574913,60876717.52285261,5163144.4443182275
2022-01-29 00:00:00 UTC,14.581064797838149,51573434.340187676,4087372.7985392134
2022-01-30 00:00:00 UTC,14.413362244157124,51006420.477711216,5360027.402187535
2022-01-31 00:00:00 UTC,15.136430063966307,53582106.049154304,4235143.566444713
2022-02-01 00:00:00 UTC,15.918004808142435,56399121.48115959,5396805.90502399
2022-02-02 00:00:00 UTC,15.29761715198499,54315813.664103605,3888843.4980520215
2022-02-03 00:00:00 UTC,15.561678543277173,55606789.04498997,4123561.799214964
2022-02-04 00:00:00 UTC,15.042419752041756,55032864.97498938,2736445.2441270254
2022-02-05 00:00:00 UTC,15.336386254382893,55792929.3590311,2742210.3033452244
2022-02-06 00:00:00 UTC,15.300189594151323,56143281.01867901,2445305.5023127114
2022-02-07 00:00:00 UTC,15.301522894419705,56063316.89295807,3609511.355205907
2022-02-08 00:00:00 UTC,15.315299172262295,56117895.237469815,3014624.4799592816
2022-02-09 00:00:00 UTC,15.041259435468486,56144470.95464492,2714529.211239593
2022-02-10 00:00:00 UTC,15.178978085484077,56773278.18994509,2437269.335811576
2022-02-11 00:00:00 UTC,19.357731095346114,72925063.45079659,9743076.646830551
2022-02-12 00:00:00 UTC,25.069125550092217,97210493.42886016,30207397.60297772
2022-02-13 00:00:00 UTC,20.95500382843801,79851207.98018783,17595515.354205333
2022-02-14 00:00:00 UTC,19.616660591169993,75445672.1839014,5012078.59886625
2022-02-15 00:00:00 UTC,20.146311299850414,77421849.72898321,5414277.055456258
2022-02-16 00:00:00 UTC,21.921984752592852,84322457.45635475,5858722.833366826
2022-02-17 00:00:00 UTC,25.22962434302677,97210216.68952167,9732005.84272087
2022-02-18 00:00:00 UTC,24.24417690834481,93654908.2514313,7271184.373743329
2022-02-19 00:00:00 UTC,23.587901731342633,91297466.75165254,4876549.00796098
2022-02-20 00:00:00 UTC,23.795994763635107,92003351.32964417,4407354.058446334
2022-02-21 00:00:00 UTC,22.789649256251796,88156366.40148363,4296437.02005699
2022-02-22 00:00:00 UTC,21.46188005488206,83327262.87755017,4332108.514603618
2022-02-23 00:00:00 UTC,22.161839952891082,86181396.41198815,5314338.437680221
2022-02-24 00:00:00 UTC,21.87129069010175,85151944.075049,3392724.276302002
2022-02-25 00:00:00 UTC,21.010585221491045,81856888.32364818,3194499.285732263
2022-02-26 00:00:00 UTC,21.20320736971505,90411676.9793042,2369356.561418893
2022-02-27 00:00:00 UTC,20.982645754101124,90625559.68821757,1763003.598078619
2022-02-28 00:00:00 UTC,21.371655662066836,92552114.95503986,1959596.1178956714
2022-03-01 00:00:00 UTC,20.98358204567481,90847396.6495779,2901112.1681059995
2022-03-02 00:00:00 UTC,21.57669279627393,93330867.45416223,2843157.8994381176
2022-03-03 00:00:00 UTC,22.222672754609913,96359986.96145223,2240540.3424537126
2022-03-04 00:00:00 UTC,24.191294839590288,106647534.80005756,4137271.201932543
2022-03-05 00:00:00 UTC,24.060718244912493,106019276.85120727,2624149.386701953
2022-03-06 00:00:00 UTC,23.24074802460175,102385673.07508154,2028652.8700705697
2022-03-07 00:00:00 UTC,23.231627560312152,102470459.78835051,2446839.324923212
2022-03-08 00:00:00 UTC,21.999398433594724,96966536.05269894,3276707.8698851108
2022-03-09 00:00:00 UTC,21.989301740349926,98917274.17142515,1806812.9775105685
2022-03-10 00:00:00 UTC,21.889568243712297,98522116.9555225,1622168.7530829862
2022-03-11 00:00:00 UTC,21.84333486082651,98408214.57641198,1868573.8712066032
2022-03-12 00:00:00 UTC,22.41701936777632,101095732.94632621,2188899.6645796886
2022-03-13 00:00:00 UTC,22.86548668343538,103246786.23878065,1797426.5702263974
2022-03-14 00:00:00 UTC,22.523384049590582,101804871.39475769,1880018.5183627282
2022-03-15 00:00:00 UTC,22.831727194042085,103025462.42175592,1776822.5128413313
2022-03-16 00:00:00 UTC,25.532508381807062,115113426.78511205,4645967.905765248
2022-03-17 00:00:00 UTC,25.26004946434521,113298178.86984341,2982686.8139721113
2022-03-18 00:00:00 UTC,26.590328464183155,120216704.28493275,5683717.442965913
2022-03-19 00:00:00 UTC,29.99056411358387,135950400.99733475,5870267.96644201
2022-03-20 00:00:00 UTC,29.766933908293318,135102935.31514338,4477396.045043276
2022-03-21 00:00:00 UTC,31.422057506592193,142867882.24342778,3154773.9144643657
2022-03-22 00:00:00 UTC,35.41372951429694,162167401.86588594,12099066.895634215
2022-03-23 00:00:00 UTC,38.86083511521095,179421178.6309831,10514089.55882948
2022-03-24 00:00:00 UTC,38.100042067534275,175419805.6728161,5820894.076908921
2022-03-25 00:00:00 UTC,40.32976525394262,185321730.85735768,5941546.724085297
2022-03-26 00:00:00 UTC,44.615906093372466,202988536.74783826,9196519.776078735
2022-03-27 00:00:00 UTC,50.069183790980645,231924660.28017506,19312439.077409502
2022-03-28 00:00:00 UTC,49.42870763559067,227329053.1961455,8984807.336189909
2022-03-29 00:00:00 UTC,44.45836995899958,205328245.69898155,11288587.509875141
2022-03-30 00:00:00 UTC,46.561385905260124,220744734.5592906,7550300.014392077
2022-03-31 00:00:00 UTC,52.24895192787693,249319778.6861569,10566379.186666392
2022-04-01 00:00:00 UTC,50.970282320420615,242426811.27108622,12544229.03797571
2022-04-02 00:00:00 UTC,49.83518751924942,237765062.02623126,8857685.868901124
2022-04-03 00:00:00 UTC,51.941936557730884,247907353.45365927,4478860.784316002
2022-04-04 00:00:00 UTC,48.676929351995355,231994748.1661817,6071575.133480003
2022-04-05 00:00:00 UTC,47.306811306123244,227817031.6069813,5978460.525127312
2022-04-06 00:00:00 UTC,50.05660247955429,240077337.76823577,5025719.685476365
2022-04-07 00:00:00 UTC,49.18949085258141,238237426.3425929,8472571.864951104
2022-04-08 00:00:00 UTC,52.15399028275912,254386584.94271153,5014017.220804779
2022-04-09 00:00:00 UTC,54.20255017943468,263603364.3676077,9904900.89232707
2022-04-10 00:00:00 UTC,62.89796275841484,306970245.1512014,15589364.774779417
2022-04-11 00:00:00 UTC,64.34562147735947,313977328.5287999,14647033.276353449
2022-04-12 00:00:00 UTC,54.161948397754664,261916100.03906268,18070348.356027123
2022-04-13 00:00:00 UTC,60.34502295955012,296509618.36129934,13561668.566342998
2022-04-14 00:00:00 UTC,57.18856208678429,281504588.0426381,9877814.842121247
2022-04-15 00:00:00 UTC,58.222106729090946,286849729.10611546,6882520.328292635
2022-04-16 00:00:00 UTC,61.390753666032715,301917068.0832719,5011209.399314425
2022-04-17 00:00:00 UTC,60.54767594500479,298472573.3814937,6928941.363432229
2022-04-18 00:00:00 UTC,56.07520056131307,277669428.4635058,6271649.395727195
2022-04-19 00:00:00 UTC,55.44460760562966,276838238.95293576,6313688.23726154
2022-04-20 00:00:00 UTC,55.329120688670706,276390222.85221016,4364854.251920283
2022-04-21 00:00:00 UTC,53.27005306297969,266439025.46436033,5954379.362975718
2022-04-22 00:00:00 UTC,56.198242927208504,279206963.85594815,7616014.6655922495
2022-04-23 00:00:00 UTC,59.52979413576306,297684405.60431635,15601259.873352837
2022-04-24 00:00:00 UTC,60.95325074992159,305709082.02746665,7068492.277055898
2022-04-25 00:00:00 UTC,58.65717834144891,295058420.7169045,5380245.929393847
2022-04-26 00:00:00 UTC,54.158676333051204,271215192.3667549,8245125.824142223
2022-04-27 00:00:00 UTC,54.3818951482801,285557001.7600397,6220627.342758418
2022-04-28 00:00:00 UTC,50.81589503449115,285114632.99421877,5194142.403531161
2022-04-29 00:00:00 UTC,49.051692687721584,275290466.6960555,6468242.525610314
2022-04-30 00:00:00 UTC,51.21588833386597,287358941.4226619,5221777.730777648
2022-05-01 00:00:00 UTC,53.40659720875652,298304576.8906036,3921226.0096412655
2022-05-02 00:00:00 UTC,50.91066589485058,285330272.6041018,4578032.4329051105
2022-05-03 00:00:00 UTC,48.869336213247664,274334844.10027,4333417.886052052
2022-05-04 00:00:00 UTC,47.64530426719183,267828253.4383172,2731023.738823003
2022-05-05 00:00:00 UTC,50.21048496585543,283454157.12765044,5544975.872728951
2022-05-06 00:00:00 UTC,48.62032583612404,276058667.41443557,6843394.203741404
2022-05-07 00:00:00 UTC,41.22685501262993,234054360.98880258,8685542.74060535
2022-05-08 00:00:00 UTC,38.03538524866314,215903993.95365307,4782777.691411572
2022-05-09 00:00:00 UTC,38.28476283661008,217952004.6467959,3464572.759495861
2022-05-10 00:00:00 UTC,33.88942530959202,197298378.30399522,4944464.071868199
2022-05-11 00:00:00 UTC,30.221542468903426,175621285.32309136,5197788.575223549
2022-05-12 00:00:00 UTC,24.15167205529749,136952231.61053067,7571293.620483095
2022-05-13 00:00:00 UTC,22.276392616088206,130007626.19427744,5754080.9555529
2022-05-14 00:00:00 UTC,24.519850248278118,143048580.10736036,5279540.401024294
2022-05-15 00:00:00 UTC,23.40341697873703,136390830.09580642,2229412.4436127716
2022-05-16 00:00:00 UTC,23.784047555027122,138391740.2848089,1979208.2009315444
2022-05-17 00:00:00 UTC,24.103126406678868,140559285.68686253,3851427.8615387343
2022-05-18 00:00:00 UTC,23.601299438452813,137582858.82326543,2136190.2721247636
2022-05-19 00:00:00 UTC,23.187172426376634,135262304.8069775,1977741.8221006105
2022-05-20 00:00:00 UTC,24.17802276451985,142848677.55705,4033180.4625620157
2022-05-21 00:00:00 UTC,24.129158942021864,142682875.8164373,2108555.221972031
2022-05-22 00:00:00 UTC,24.19640019195306,143239580.14962316,1990661.539196255
2022-05-23 00:00:00 UTC,23.532668410351793,139224754.82600033,3172925.8095360077
2022-05-24 00:00:00 UTC,23.244338012586116,139311976.56938696,2013774.940476548
2022-05-25 00:00:00 UTC,22.892512840268182,135614072.99967533,1802483.4058679081
2022-05-26 00:00:00 UTC,22.895615243735335,135364933.6399136,1449659.5340320794
2022-05-27 00:00:00 UTC,21.619788209023476,118423689.71663961,2053410.1204541877
2022-05-28 00:00:00 UTC,21.723634630357385,119579179.52998257,1955466.0176026656
2022-05-29 00:00:00 UTC,21.403753574279605,117856979.2102731,1162929.7512433426
2022-05-30 00:00:00 UTC,21.648781646473758,119174798.5702286,1129808.5812561852
2022-05-31 00:00:00 UTC,23.57240176033554,144814327.58260232,2016123.567238039
2022-06-01 00:00:00 UTC,27.026722790032863,166692861.8848123,4538295.667238278
2022-06-02 00:00:00 UTC,27.223327588368292,168339072.1429764,2923764.397526518
2022-06-03 00:00:00 UTC,29.419070471856823,182341454.59096345,2448642.8736145054
2022-06-04 00:00:00 UTC,29.31774747217557,181841325.067019,3197620.0030823536
2022-06-05 00:00:00 UTC,28.906352669299466,179429974.48284787,1265316.3437599856
2022-06-06 00:00:00 UTC,28.16595575196343,174895367.16136798,1230807.6306306873
2022-06-07 00:00:00 UTC,28.04737164731181,171345789.57157394,1429936.6230761458
2022-06-08 00:00:00 UTC,28.5014114408936,176952627.59953606,3084414.8083002297
2022-06-09 00:00:00 UTC,28.27007137150481,175619371.89693132,1845463.5588212041
2022-06-10 00:00:00 UTC,29.230948479047658,181935497.62084308,1943476.0619778563
2022-06-11 00:00:00 UTC,27.798394807880225,173106880.2253579,1761002.0070807429
2022-06-12 00:00:00 UTC,27.257254449745453,169738606.37778142,1960824.2359236067
2022-06-13 00:00:00 UTC,23.608150203605337,147892345.13568634,3056055.5270050894
2022-06-14 00:00:00 UTC,19.28023806346782,119918032.18687457,3878456.496120828
2022-06-15 00:00:00 UTC,19.043429843479878,118377694.07721722,2528276.9884420573
2022-06-16 00:00:00 UTC,16.27647264390396,101498060.8980082,3272636.7929395577
2022-06-17 00:00:00 UTC,16.33393608363234,102016140.3739936,2650593.221886104
2022-06-18 00:00:00 UTC,16.208406484511865,101030380.80648506,2556143.876647252
2022-06-19 00:00:00 UTC,15.037511620226164,93615956.9079634,1860664.3120309303
2022-06-20 00:00:00 UTC,15.72386713452281,98020346.86121036,1366502.703075634
2022-06-21 00:00:00 UTC,16.291991247373893,101921333.75382961,2352043.144678127
2022-06-22 00:00:00 UTC,15.663773756028009,97794620.72415778,1596493.3625905528
2022-06-23 00:00:00 UTC,15.334775335303606,95654738.17462094,1168913.2475806512
2022-06-24 00:00:00 UTC,14.227500627873823,88773570.11424299,1293480.8263264508
2022-06-25 00:00:00 UTC,14.487001937311252,90225092.82001662,1374535.0618412981
2022-06-26 00:00:00 UTC,14.51036672659699,90654102.9478629,736189.3991467234
2022-06-27 00:00:00 UTC,14.424330821820114,90171963.9979471,933478.9123502005
2022-06-28 00:00:00 UTC,14.33846698661735,89274302.37676474,687181.5639858157
2022-06-29 00:00:00 UTC,12.336684467955923,76543209.13305132,2306881.8899979
2022-06-30 00:00:00 UTC,10.669727236664796,67291505.83185965,3680746.613701971
2022-07-01 00:00:00 UTC,8.62991873570969,53768022.40604712,11562936.932145152
2022-07-02 00:00:00 UTC,8.975325323129942,56020182.63505288,5324128.436519788
2022-07-03 00:00:00 UTC,8.51184782607968,53130123.982738055,1165517.2536116599
2022-07-04 00:00:00 UTC,8.494353078160188,51390047.710561536,1677232.2485139044
2022-07-05 00:00:00 UTC,8.553527616857139,53311226.52780946,2619788.796282178
2022-07-06 00:00:00 UTC,8.947343238569873,55577495.35596413,6037972.586793478
2022-07-07 00:00:00 UTC,8.637823284728437,53784513.9497901,2577458.1484179604
2022-07-08 00:00:00 UTC,8.506158427779443,52907552.949294835,1208817.9017224994
2022-07-09 00:00:00 UTC,8.9453490910089,55680062.41078226,4002177.829329398
2022-07-10 00:00:00 UTC,10.155376669085365,62589906.08695215,5260818.715448858
2022-07-11 00:00:00 UTC,9.725637026906162,60817601.86613453,11089193.904281208
2022-07-12 00:00:00 UTC,10.257621221035219,63347541.72410183,3916495.8787892554
2022-07-13 00:00:00 UTC,9.438399301552716,58978467.76605662,2360883.3476983453
2022-07-14 00:00:00 UTC,9.96639078853208,62082220.68997202,2295541.8852434335
2022-07-15 00:00:00 UTC,10.98146228403482,68403463.17557201,2603047.0284825447
2022-07-16 00:00:00 UTC,13.562822513419079,84510341.71500057,9019437.29485656
2022-07-17 00:00:00 UTC,13.409765065125224,83904354.26970729,5766487.729604802
2022-07-18 00:00:00 UTC,13.433400814752886,84088648.39154889,2063069.389498865
2022-07-19 00:00:00 UTC,14.407613707576047,89621487.00490691,2204339.6697597727
2022-07-20 00:00:00 UTC,14.554346983102858,90750503.08368711,1901001.1331814954
2022-07-21 00:00:00 UTC,13.64498511502021,85483478.5206195,2692959.16541207
2022-07-22 00:00:00 UTC,14.240089063263493,89074380.36071785,5044756.588742828
2022-07-23 00:00:00 UTC,14.283168274544877,89040100.38038263,6364684.074212827
2022-07-24 00:00:00 UTC,14.186643126791594,88397588.41772099,7046247.40080824
2022-07-25 00:00:00 UTC,14.545061679459602,90736417.53415306,5344878.280989022
2022-07-26 00:00:00 UTC,14.661816683364615,91244333.73833273,4390588.064649413
2022-07-27 00:00:00 UTC,12.836367888491411,80152276.75584562,3412792.7213182054
2022-07-28 00:00:00 UTC,13.357038588934541,83234486.47715548,3760492.209259546
2022-07-29 00:00:00 UTC,14.55556507501819,90696199.74626376,3304958.798798971
2022-07-30 00:00:00 UTC,16.38117714309661,102084609.88531992,3911145.9018752817
2022-07-31 00:00:00 UTC,15.945383722901802,100687192.7118557,3123936.9086698378
2022-08-01 00:00:00 UTC,15.842702579023703,98696506.15842558,2849577.7796193403
2022-08-02 00:00:00 UTC,15.688156007440252,97677706.89509404,3666694.201591493
2022-08-03 00:00:00 UTC,15.53636059251012,96611719.44904238,2368427.1725504473
2022-08-04 00:00:00 UTC,15.532151399376067,96919845.43636024,2583965.628949995
2022-08-05 00:00:00 UTC,15.307978293584911,95220109.3627313,2131474.2470405074
2022-08-06 00:00:00 UTC,15.378902496096378,95681757.56582832,3152724.6479311846
2022-08-07 00:00:00 UTC,15.792106412197846,98379991.09793234,3677509.0043719197
2022-08-08 00:00:00 UTC,16.025714301682303,99792531.07349381,3683459.9009363037
2022-08-09 00:00:00 UTC,16.231798828544594,101200532.73876934,3373614.980907428
2022-08-10 00:00:00 UTC,16.59927845495047,103681795.92424008,4246420.992358708
2022-08-11 00:00:00 UTC,17.625218045837137,109911870.66628695,3571091.2572847884
2022-08-12 00:00:00 UTC,18.288041435764196,113969163.97140671,4546366.392117902
2022-08-13 00:00:00 UTC,22.255993331807144,139139994.5024112,11451812.912300346
2022-08-14 00:00:00 UTC,20.91540981677047,130547548.66810858,5723459.418767131
2022-08-15 00:00:00 UTC,20.64300758504681,128762662.0928947,4525269.01604194
2022-08-16 00:00:00 UTC,19.671008660777247,122500661.90045895,2811926.3779490846
2022-08-17 00:00:00 UTC,18.404902489954715,114993417.75030914,2697004.5861736266
2022-08-18 00:00:00 UTC,18.886136811832266,117687527.92029227,3630593.2133858125
2022-08-19 00:00:00 UTC,18.615114294880094,116066169.4649843,2300367.6935741096
2022-08-20 00:00:00 UTC,16.89785231776521,105235126.47939135,3172260.9307293096
2022-08-21 00:00:00 UTC,16.468216401716383,102789769.95131825,2090854.5871606728
2022-08-22 00:00:00 UTC,16.620578499759652,103806714.56494673,1781938.8412782438
2022-08-23 00:00:00 UTC,17.06580963134459,106265765.00613612,2258547.836987683
2022-08-24 00:00:00 UTC,17.52020201265468,109240741.2740647,1711438.7845637056
2022-08-25 00:00:00 UTC,18.038001365421742,112260657.44351096,1513401.5424719842
2022-08-26 00:00:00 UTC,18.308253256254126,114073432.88499628,1643400.7772088416
2022-08-27 00:00:00 UTC,18.655384121204165,116369430.45850658,3690570.0424271845
2022-08-28 00:00:00 UTC,18.442531644126838,114968624.38445982,2636911.316155467
2022-08-29 00:00:00 UTC,17.11094179363081,106889092.20186783,1775861.2702281375
2022-08-30 00:00:00 UTC,17.871118539244787,111192186.33889142,2003580.9783146488
2022-08-31 00:00:00 UTC,18.390798488832953,114309722.10279174,1760620.4995235365
2022-09-01 00:00:00 UTC,18.571173557134124,115783907.01496527,1874907.672720165
2022-09-02 00:00:00 UTC,18.242609000533253,113599903.5833272,1443369.312608381
2022-09-03 00:00:00 UTC,17.979548134884247,111991982.72449087,1770463.2526205007
2022-09-04 00:00:00 UTC,18.54572252189883,115733197.05414267,1330115.6340726025
2022-09-05 00:00:00 UTC,19.11445692121326,118959000.33358933,1465638.7439816024
2022-09-06 00:00:00 UTC,19.564681011442563,121027671.5380274,1654305.022922165
2022-09-07 00:00:00 UTC,18.8172731042834,117704508.32259448,2173956.21041857
2022-09-08 00:00:00 UTC,20.208135242355617,125570370.84810413,2435111.3434364633
2022-09-09 00:00:00 UTC,22.634377925709273,141096084.0802179,5402723.533051223
2022-09-10 00:00:00 UTC,23.09172296024679,143915414.80863082,2245694.764030873
2022-09-11 00:00:00 UTC,23.47728741603524,146139424.84556833,2005227.734040173
2022-09-12 00:00:00 UTC,22.952028096897017,143154562.37456223,2034438.5756267395
2022-09-13 00:00:00 UTC,22.822701284836736,142366097.91673487,1919842.6326987448
2022-09-14 00:00:00 UTC,21.31158610227245,132963703.7991111,2420219.030580417
2022-09-15 00:00:00 UTC,21.788274607403842,135902468.9623719,1523729.224062899
2022-09-16 00:00:00 UTC,21.57325233824166,134277228.02765107,1480996.0518933742
2022-09-17 00:00:00 UTC,20.837556123300338,129853611.4954664,1642709.0293938178
2022-09-18 00:00:00 UTC,21.777437115355816,135729342.80720717,1483123.834423016
2022-09-19 00:00:00 UTC,20.483855059746286,127518111.69816624,1625044.5144263164
2022-09-20 00:00:00 UTC,20.004851171511042,124693257.56837443,1561659.0486008567
2022-09-21 00:00:00 UTC,19.02085309051158,118743483.24827243,2137758.0353284637
2022-09-22 00:00:00 UTC,18.045788953700644,112379571.72069672,1969764.3457305145
2022-09-23 00:00:00 UTC,18.342880501036106,114239369.23593499,1377608.235780513
2022-09-24 00:00:00 UTC,18.47980282834442,115307821.62946194,1867767.8639598973
2022-09-25 00:00:00 UTC,18.725142642205935,116670327.9459898,1902825.4631197366
2022-09-26 00:00:00 UTC,18.440433850172383,114982950.9216045,1421915.5660745727
2022-09-27 00:00:00 UTC,18.526761868197653,115563445.48000884,1686117.7367500195
2022-09-28 00:00:00 UTC,18.298604471569647,114025333.8296429,1504599.1527999903
2022-09-29 00:00:00 UTC,17.546356340552652,109254596.54269947,2237670.890777838
2022-09-30 00:00:00 UTC,17.447210553719803,108748582.98600231,1338020.4197507931
2022-10-01 00:00:00 UTC,18.055680640751063,112265592.30967374,1481224.8576392098
2022-10-02 00:00:00 UTC,18.05676532174732,112437796.30462278,1236533.2714383032
2022-10-03 00:00:00 UTC,17.786793484458972,110951824.73279084,1420612.2621487293
2022-10-04 00:00:00 UTC,17.757053257113796,110662719.82444394,1357755.4980108594
2022-10-05 00:00:00 UTC,18.07063766482451,112522557.66821347,1385785.4583142651
2022-10-06 00:00:00 UTC,17.77580681899658,110814337.3505479,1569040.411533748
2022-10-07 00:00:00 UTC,17.42574090132724,108630188.47112814,1554715.3416356128
2022-10-08 00:00:00 UTC,17.29192289136084,107761546.5669337,1198993.2267892172
2022-10-09 00:00:00 UTC,17.123018875917555,106719239.26700294,1184771.2970437615
2022-10-10 00:00:00 UTC,16.834134569897863,104644581.40214865,1338152.5999357412
2022-10-11 00:00:00 UTC,16.10032851825677,101054707.85430251,1394072.527596095
2022-10-12 00:00:00 UTC,15.745808739529073,98061139.17565803,855760.85210429
2022-10-13 00:00:00 UTC,15.628823051452466,102753538.93193606,806141.2359397028
2022-10-14 00:00:00 UTC,15.604247288034626,102385970.0178637,1206121.5737490878
2022-10-15 00:00:00 UTC,15.72435931609839,103090043.3809325,1046441.6264910211
2022-10-16 00:00:00 UTC,15.927555591305568,104604578.19113472,1357020.9231424092
2022-10-17 00:00:00 UTC,15.68239864967308,103563938.85456866,1525105.6003137275
2022-10-18 00:00:00 UTC,15.073991788897242,99474210.99494289,1157115.0267961922
2022-10-19 00:00:00 UTC,14.944495819643313,98484491.98560114,803952.5756395935
2022-10-20 00:00:00 UTC,14.786807270520107,98233867.7467979,761322.3568663767
2022-10-21 00:00:00 UTC,14.535699997345015,96521500.89698844,1053514.5298003997
2022-10-22 00:00:00 UTC,14.424398675532924,95843015.52005118,761670.7195183373
2022-10-23 00:00:00 UTC,14.332850755735556,95293809.44686902,819379.5258472096
2022-10-24 00:00:00 UTC,14.433641517517815,96013600.33610532,840300.3582377059
2022-10-25 00:00:00 UTC,14.25525064538123,94739525.99367553,879471.7473788441
2022-10-26 00:00:00 UTC,15.083532799154264,100315551.67521891,1471045.0587976165
2022-10-27 00:00:00 UTC,15.643934696668078,104028451.36567643,1091601.8497421322
2022-10-28 00:00:00 UTC,14.860564355104506,98864217.49684161,890192.8373068648
2022-10-29 00:00:00 UTC,14.94362950790782,99382881.96049763,890811.4301786908
2022-10-30 00:00:00 UTC,15.001392023245602,99844444.26101075,1008360.1000612791
2022-10-31 00:00:00 UTC,14.909098047867339,99144444.35803618,738079.4149435472
2022-11-01 00:00:00 UTC,14.237974454634905,94674240.85248962,1106554.4353938398
2022-11-02 00:00:00 UTC,14.175128778376731,95621876.2829512,934696.9172400793
2022-11-03 00:00:00 UTC,13.505762719629303,91512956.5348836,1476817.627582545
2022-11-04 00:00:00 UTC,14.00296541449469,95310880.53274913,946237.3873647716
2022-11-05 00:00:00 UTC,13.791264395834295,93598171.34345405,1070025.0065729679
2022-11-06 00:00:00 UTC,13.653136309404529,92710337.60577084,835122.2230393068
2022-11-07 00:00:00 UTC,13.052548269878772,88481736.21278562,983965.5051498053
2022-11-08 00:00:00 UTC,13.290970963194908,90384593.3443994,967637.8189574194
2022-11-09 00:00:00 UTC,10.524595323793699,72177140.32024753,3756971.8554331525
2022-11-10 00:00:00 UTC,7.3138386476744,49641241.32899834,8825183.442866266
2022-11-11 00:00:00 UTC,8.169327246756339,55871647.19119099,27220995.847474866
2022-11-12 00:00:00 UTC,7.9404856720732155,54609255.560858525,3393135.3115749573
2022-11-13 00:00:00 UTC,8.008402069103383,54959085.99474288,654035.0450232612
2022-11-14 00:00:00 UTC,8.230011430902074,56577976.58017421,878818.2447782775
2022-11-15 00:00:00 UTC,8.441768689202643,57981256.42239432,920657.1367348313
2022-11-16 00:00:00 UTC,9.071048872649746,62663436.86521813,1053489.5503917339
2022-11-17 00:00:00 UTC,8.82629140966835,60799675.09604308,1194512.3432599178
2022-11-18 00:00:00 UTC,9.550534187087496,66255305.22143585,2026344.581797666
2022-11-19 00:00:00 UTC,9.0044203673488,62535477.84909525,1561033.6409899502
2022-11-20 00:00:00 UTC,8.976888447386186,62172328.753637224,1064335.2129771218
2022-11-21 00:00:00 UTC,8.730199117476017,60779635.06200482,1025692.5846139303
2022-11-22 00:00:00 UTC,8.486355573041855,58758130.23868299,975173.2030298637
2022-11-23 00:00:00 UTC,8.387704564718153,58168084.73700885,1059200.3737580422
2022-11-24 00:00:00 UTC,8.513209450130459,58662388.27149992,800143.7117299441
2022-11-25 00:00:00 UTC,8.61601938297778,59950505.26234812,1152298.2139524024
2022-11-26 00:00:00 UTC,8.531286067368324,59537516.371370085,1420271.5591386363
2022-11-27 00:00:00 UTC,8.597552663437794,59974168.30740246,788680.6479778583
2022-11-28 00:00:00 UTC,8.75475488381829,61030678.33921311,863398.8470285676
2022-11-29 00:00:00 UTC,7.816614531149898,54473678.47211005,1408552.8308887745
2022-11-30 00:00:00 UTC,6.792421431252198,47564779.22571913,2212299.4809469604
2022-12-01 00:00:00 UTC,6.567227310087905,46134497.00376827,4657166.802594828
2022-12-02 00:00:00 UTC,6.658339896663347,46552005.44230457,996957.8628557237
2022-12-03 00:00:00 UTC,7.091413313704982,49576404.67695164,1201597.555635902
2022-12-04 00:00:00 UTC,7.050843325053405,49108002.83732006,1049068.3038803386
2022-12-05 00:00:00 UTC,6.908099864776856,48523818.66585601,1092465.5831961583
2022-12-06 00:00:00 UTC,5.51580110175258,37603815.24952311,8040706.724595095
2022-12-07 00:00:00 UTC,4.608263748882082,31793145.242054645,2451514.9372569583
2022-12-08 00:00:00 UTC,4.432991305696145,32303526.249095764,1781909.8927624035
2022-12-09 00:00:00 UTC,4.50148297878476,31932476.199161045,728412.2017458642
2022-12-10 00:00:00 UTC,4.379154843855692,33412420.617733017,602577.6264108464
2022-12-11 00:00:00 UTC,4.23001211320465,32470790.53420146,821748.4193080801
2022-12-12 00:00:00 UTC,4.224602352978918,32445319.407508206,452362.9860977317
2022-12-13 00:00:00 UTC,3.970255582091237,30316880.206953187,627381.2187254198
2022-12-14 00:00:00 UTC,3.79720108713142,29121087.133727007,388650.4669220061
2022-12-15 00:00:00 UTC,3.854706851682741,29632701.697114658,630868.5603411663
2022-12-16 00:00:00 UTC,3.7919167777412377,29409118.77785875,511219.9016242555
2022-12-17 00:00:00 UTC,3.3750032605679166,25911897.76847247,529773.6775905506
2022-12-18 00:00:00 UTC,3.4634698152274916,26636868.573812537,338604.7578459697
2022-12-19 00:00:00 UTC,3.3910509821587405,26021736.15115652,246290.2029831711
2022-12-20 00:00:00 UTC,3.2263767236660676,24709214.202788,339623.37415350025
2022-12-21 00:00:00 UTC,3.240165603663561,24871190.402457114,256589.00967342246
2022-12-22 00:00:00 UTC,3.462230668799078,26560367.698063985,1356366.0933633738
2022-12-23 00:00:00 UTC,3.249712057905503,25154830.48890882,590316.9913354003
2022-12-24 00:00:00 UTC,3.252064819768123,25211743.912198644,570494.3934535168
2022-12-25 00:00:00 UTC,3.265303425785022,25350939.90468769,417634.84459710045
2022-12-26 00:00:00 UTC,3.2323152412710994,24953201.349447656,272279.4827810571
2022-12-27 00:00:00 UTC,3.1864318144966433,24714619.30329144,320564.429070456
2022-12-28 00:00:00 UTC,3.1989888693861266,24687431.794570025,264157.0086642907
2022-12-29 00:00:00 UTC,3.1072152957500143,24108604.671433154,235887.11100484434
2022-12-30 00:00:00 UTC,3.0239191923889703,23486686.7088245,190406.12823718417
2022-12-31 00:00:00 UTC,2.909432242437172,22516234.752546664,244519.025633266
2023-01-01 00:00:00 UTC,2.7374667928305154,21294458.678491376,348578.4844771456
2023-01-02 00:00:00 UTC,2.724458050544148,21124705.50704001,223174.12865670584
2023-01-03 00:00:00 UTC,3.201618335682135,25580016.921510838,981365.8325638734
2023-01-04 00:00:00 UTC,2.960809626820161,23000167.295208782,411050.1849320095
2023-01-05 00:00:00 UTC,2.8715635229478123,22472703.788043905,307522.4263270621
2023-01-06 00:00:00 UTC,3.0370285584851704,23888395.226273175,395985.54099621926
2023-01-07 00:00:00 UTC,3.141260252059201,24524056.118885763,259561.08839372045
2023-01-08 00:00:00 UTC,3.0954156399168666,24232681.885275986,190911.89948440873
2023-01-09 00:00:00 UTC,3.151513344753575,24488512.171439435,207151.49893277005
2023-01-10 00:00:00 UTC,3.551782605832281,27957891.758690026,1238370.174512613
2023-01-11 00:00:00 UTC,4.554478599276117,37005939.68975032,1795288.1279552868
2023-01-12 00:00:00 UTC,5.111312325056261,38846847.11413325,5605361.153633458
2023-01-13 00:00:00 UTC,5.182170802092393,40544618.35476939,1556353.0113973569
2023-01-14 00:00:00 UTC,5.112082560709067,40242548.25747719,645254.6265656947
2023-01-15 00:00:00 UTC,4.925400583197632,38879925.78628318,1099941.3193707166
2023-01-16 00:00:00 UTC,5.068098536929237,39702528.58829648,416884.3919604308
2023-01-17 00:00:00 UTC,5.031293433273685,39251516.42011373,365427.2124857185
2023-01-18 00:00:00 UTC,6.096110522037697,48072245.81876959,2858437.957317212
2023-01-19 00:00:00 UTC,5.229264575305668,40846319.40869292,893760.329062298
2023-01-20 00:00:00 UTC,5.623665930786894,44268084.0647097,645124.4049309173
2023-01-21 00:00:00 UTC,5.936483773746121,46556642.76444962,627003.1480233518
2023-01-22 00:00:00 UTC,5.685465640289196,44705573.98757875,659528.0647498643
2023-01-23 00:00:00 UTC,5.8370923271508905,45898657.944860175,927395.6852816442
2023-01-24 00:00:00 UTC,6.362233840361054,49947485.26425864,810253.5284677536
2023-01-25 00:00:00 UTC,5.882860666322466,46071721.97037523,366374.28776130854
2023-01-26 00:00:00 UTC,6.207294090245279,48437513.3222112,935376.1172277561
2023-01-27 00:00:00 UTC,6.257973493590939,49248519.056164935,526003.0453933163
2023-01-28 00:00:00 UTC,6.484350949163161,49367267.98150648,506793.17095697107
2023-01-29 00:00:00 UTC,6.399696304509201,48691607.32980088,583890.2522055043
2023-01-30 00:00:00 UTC,6.707562300134846,51012818.922322914,652102.3482385969
2023-01-31 00:00:00 UTC,6.271931566436882,47663957.23947998,1483317.8937387753
2023-02-01 00:00:00 UTC,6.353454848341027,48320002.82241906,495580.05289448425
2023-02-02 00:00:00 UTC,6.716562300512146,51309072.967480846,931513.7495297405
2023-02-03 00:00:00 UTC,6.9639383452767065,53390007.86036357,1105482.0018860204
2023-02-04 00:00:00 UTC,7.130058564670194,54805950.99492356,449825.36457519344
2023-02-05 00:00:00 UTC,7.106792487547211,54261830.9260128,632590.8269554735
2023-02-06 00:00:00 UTC,6.7922100888381225,52088112.953092225,495817.26363243576
2023-02-07 00:00:00 UTC,7.087290204128074,54408907.89416461,687515.2791984656
2023-02-08 00:00:00 UTC,8.264548690351962,61431817.29240085,1286850.8158345306
2023-02-09 00:00:00 UTC,7.373683777197619,54823381.563241445,6384467.009890041
2023-02-10 00:00:00 UTC,6.94681056534718,51655560.14165917,981930.4768806112
2023-02-11 00:00:00 UTC,6.145842249469092,45533274.012259826,1360194.425433048
2023-02-12 00:00:00 UTC,6.020249314154751,44755698.47863669,861286.001095581
2023-02-13 00:00:00 UTC,5.802518046663667,43328504.252375014,372229.58645688347
2023-02-14 00:00:00 UTC,5.373091549998461,39711581.36351579,757040.9574237125
2023-02-15 00:00:00 UTC,5.5903217710044855,41519871.16292397,694680.6375380385
2023-02-16 00:00:00 UTC,5.742462775679651,42758827.76411255,873203.0212471979
2023-02-17 00:00:00 UTC,5.8000096075157215,42572731.56552381,1213908.7075232882
2023-02-18 00:00:00 UTC,5.722876449498302,42501960.55988975,430820.58148281404
2023-02-19 00:00:00 UTC,5.7932931970829,43060771.81212158,402092.85772853304
2023-02-20 00:00:00 UTC,5.629673899679524,41991556.32647521,642836.2802619355
2023-02-21 00:00:00 UTC,5.462491754152326,40621383.894211575,507469.6990838974
2023-02-22 00:00:00 UTC,5.325046288197328,39574176.59126237,549006.0415186586
2023-02-23 00:00:00 UTC,5.124578956935207,38140948.43247682,398144.6358310187
2023-02-24 00:00:00 UTC,5.3100476573662405,39572076.59414044,366994.5488276573
2023-02-25 00:00:00 UTC,5.258085266966545,39110880.37846354,339913.2660679806
2023-02-26 00:00:00 UTC,5.191438369947062,38608242.50457402,705399.6725234342
2023-02-27 00:00:00 UTC,5.263605059113342,39028762.38852476,327086.21783956164
2023-02-28 00:00:00 UTC,4.812946286944442,35723632.17142492,516268.2313613981
2023-03-01 00:00:00 UTC,4.646511170611659,34489600.642715484,951443.9932760395
2023-03-02 00:00:00 UTC,5.007893114492026,37353350.412453376,701159.7321642181
2023-03-03 00:00:00 UTC,4.935949729337193,36701932.7915745,391166.03888181126
2023-03-04 00:00:00 UTC,4.591857453956,34096872.36374712,472405.2332254608
2023-03-05 00:00:00 UTC,4.618645721222511,34472914.53683892,198184.57564297202
2023-03-06 00:00:00 UTC,4.58621111057412,34144320.74525255,258854.37009001587
2023-03-07 00:00:00 UTC,4.7878063120924255,35972088.65902889,522293.1388506346
2023-03-08 00:00:00 UTC,4.88429284403776,36431161.83991662,550665.8797137734
2023-03-09 00:00:00 UTC,4.920235100985608,36698056.66634938,358546.14216195606
2023-03-10 00:00:00 UTC,4.687276234372821,34775088.47306188,276755.45616812474
2023-03-11 00:00:00 UTC,4.438759151941628,33214076.34100844,371098.0972488303
2023-03-12 00:00:00 UTC,4.225916548157877,31318183.026290376,450222.6579626799
2023-03-13 00:00:00 UTC,4.553785565922638,33820770.43933487,225593.60959876556
2023-03-14 00:00:00 UTC,4.926939564985697,36590238.46898675,558917.8367302765
2023-03-15 00:00:00 UTC,5.46953703021134,40770430.342097834,1138126.5062983125
2023-03-16 00:00:00 UTC,5.269853536809419,38701544.9163612,512649.00867878966
2023-03-17 00:00:00 UTC,5.244101589788129,38973039.86280777,319224.94971343124
2023-03-18 00:00:00 UTC,5.345836422566421,39856015.267225645,375268.31202651997
2023-03-19 00:00:00 UTC,5.046462850425034,37471675.59356164,397911.57054861187
2023-03-20 00:00:00 UTC,5.057429921414736,38179380.51760583,250702.55962001055
2023-03-21 00:00:00 UTC,4.706558968989714,35115426.28753055,348963.30344905244
2023-03-22 00:00:00 UTC,4.642914862250315,34574172.44651047,313521.7425698301
2023-03-23 00:00:00 UTC,4.496941472253806,33428749.492099203,423809.46070705086
2023-03-24 00:00:00 UTC,4.773047664279912,35600567.994349055,261828.50687583155
2023-03-25 00:00:00 UTC,4.843115260164255,36640571.390763186,310383.0152862192
2023-03-26 00:00:00 UTC,4.889314376385052,36359827.22735424,115869.92707083766
2023-03-27 00:00:00 UTC,4.950253313726362,36840997.177266076,163796.54068773772
2023-03-28 00:00:00 UTC,4.884893043568808,36233281.5422796,102313.8556409154
2023-03-29 00:00:00 UTC,4.344984278150827,32305029.484907072,760001.4676365411
2023-03-30 00:00:00 UTC,4.479434405610714,32868536.226044837,342086.6167473749
2023-03-31 00:00:00 UTC,4.172753486191867,31215285.45758489,380246.95318505616
2023-04-01 00:00:00 UTC,4.281875118138462,31924616.509952858,387382.4753476742
2023-04-02 00:00:00 UTC,4.410773889451136,32683315.015500285,181382.53315786037
2023-04-03 00:00:00 UTC,4.300866936281484,31972013.627501547,117548.91311842833
2023-04-04 00:00:00 UTC,4.2368262997214305,31908316.79308849,157886.78098597442
2023-04-05 00:00:00 UTC,4.2251508107433375,31410325.0378071,170784.69488616436
2023-04-06 00:00:00 UTC,4.242376904435356,31579807.13626067,318726.0804618975
2023-04-07 00:00:00 UTC,4.240437492867071,31638751.472289935,222622.7004140029
2023-04-08 00:00:00 UTC,4.217708361437277,31288337.450620748,113001.15110348
2023-04-09 00:00:00 UTC,4.220167207596214,31500988.281547945,187345.7045357105
2023-04-10 00:00:00 UTC,4.264271499670774,31723347.964020796,318848.28546925244
2023-04-11 00:00:00 UTC,4.4780910421079545,33183193.066735998,618187.6943968325
2023-04-12 00:00:00 UTC,5.286876975134105,39551163.95031641,1687984.6003091412
2023-04-13 00:00:00 UTC,4.992002907785307,37073828.52361165,1037839.1890590488
2023-04-14 00:00:00 UTC,4.686242558199941,34991894.89284336,934395.426823983
2023-04-15 00:00:00 UTC,4.947733310982853,36643927.31170395,1038089.676099861
2023-04-16 00:00:00 UTC,4.889489895060055,36208862.800476216,676033.8215397868
2023-04-17 00:00:00 UTC,4.884680278438424,36281039.07036102,612183.2263528032
2023-04-18 00:00:00 UTC,4.895004434292661,36325885.92320193,659929.6743526616
2023-04-19 00:00:00 UTC,4.939349791728342,36684910.867783524,769157.3777953844
2023-04-20 00:00:00 UTC,4.902947153819358,36549290.03307233,600595.5601390128
2023-04-21 00:00:00 UTC,4.8393371913363055,35993165.61856386,641039.6675973528
2023-04-22 00:00:00 UTC,5.93037411312755,43850597.55072908,2001982.5241380557
2023-04-23 00:00:00 UTC,5.516473882810835,40860731.041719005,1969811.2432686053
2023-04-24 00:00:00 UTC,5.5466931718235,41292675.55214649,1053486.8639184034
2023-04-25 00:00:00 UTC,5.737643964996193,43220525.286205,1813868.0172603063
2023-04-26 00:00:00 UTC,7.052038201726773,52285120.21661401,2191534.2678361274
2023-04-27 00:00:00 UTC,6.9773992249529115,51805409.76265871,2511429.601144043
2023-04-28 00:00:00 UTC,8.058348444040652,59705877.32457057,1861152.7054708127
2023-04-29 00:00:00 UTC,7.743753988623117,57478878.4959379,1347131.5166195803
2023-04-30 00:00:00 UTC,7.072448863488901,52698879.47714661,1015997.8349743197
2023-05-01 00:00:00 UTC,6.93181109328135,51909140.07575749,1259209.9604452061
2023-05-02 00:00:00 UTC,6.354635106597696,47350234.36467333,925296.3263283584
2023-05-03 00:00:00 UTC,6.551687071460167,48692950.290115535,981331.1821927121
2023-05-04 00:00:00 UTC,6.36218457600609,47598616.98536263,1332986.0566468833
2023-05-05 00:00:00 UTC,5.908244119075446,44131071.230692275,986534.4346340206
2023-05-06 00:00:00 UTC,6.087180588532757,45365507.36645453,1015613.848727505
2023-05-07 00:00:00 UTC,6.068184500480574,45126078.94948115,692287.0699359108
2023-05-08 00:00:00 UTC,5.840403631961578,43543596.07857718,594759.3931100254
2023-05-09 00:00:00 UTC,5.330932669720574,40136769.56482775,779344.826045014
2023-05-10 00:00:00 UTC,5.233704477537246,39008215.92201253,606016.8571043203
2023-05-11 00:00:00 UTC,5.428337184167705,40670980.95807639,624424.2619291374
2023-05-12 00:00:00 UTC,5.214754034087695,38827806.987918586,557101.6191683218
2023-05-13 00:00:00 UTC,5.366401007345733,40003996.41962267,451166.7887147072
2023-05-14 00:00:00 UTC,5.41444306352327,40440338.20284682,366967.35864641244
2023-05-15 00:00:00 UTC,5.440295774641899,40626411.5107514,436421.5398880242
2023-05-16 00:00:00 UTC,5.7129540638370635,42585030.42025233,473941.08945862507
2023-05-17 00:00:00 UTC,6.261667080561824,45743354.067879565,650688.8840355091
2023-05-18 00:00:00 UTC,6.003326670615184,46476357.50458306,226829.6765920119
2023-05-19 00:00:00 UTC,5.923989506607159,44110779.71650769,96087.50617934461
2023-05-20 00:00:00 UTC,6.346339742353928,46917169.57699604,850380.5893133656
2023-05-21 00:00:00 UTC,6.319382391649058,47220114.16690834,645245.0131677253
2023-05-22 00:00:00 UTC,6.267540174286463,46828145.0170547,316068.796505562
2023-05-23 00:00:00 UTC,6.553119551788484,48945368.236086436,714580.613762649
2023-05-24 00:00:00 UTC,6.626964053787465,49515907.47734521,702185.1906545868
2023-05-25 00:00:00 UTC,7.07284132494364,53019613.16630514,1230317.8963801998
2023-05-26 00:00:00 UTC,7.00197617169994,53170758.22164095,689208.4883733256
2023-05-27 00:00:00 UTC,6.551264487906332,49705189.593293495,486525.2128579011
2023-05-28 00:00:00 UTC,6.752555323234461,51146434.51082572,545855.3935043995
2023-05-29 00:00:00 UTC,6.683433800951655,50493017.040818475,578454.8530795999
2023-05-30 00:00:00 UTC,6.566090687718415,49962580.48199347,485231.75644524035
2023-05-31 00:00:00 UTC,6.512925086786955,49417326.351639636,389857.1082373723
2023-06-01 00:00:00 UTC,6.444704210479387,51507625.092411034,403853.2039588188
2023-06-02 00:00:00 UTC,6.079063467985551,48317951.75482117,770716.8999804326
2023-06-03 00:00:00 UTC,6.25067619991329,49647561.570535116,726604.6577665686
2023-06-04 00:00:00 UTC,6.16353366949499,49015959.91149965,413755.1157136294
2023-06-05 00:00:00 UTC,6.449362177116788,51201146.097357824,588281.3214110138
2023-06-06 00:00:00 UTC,6.041821529736573,48195505.36591066,1043961.8924335922
2023-06-07 00:00:00 UTC,6.065416952406115,48342959.883184776,521370.28248414723
2023-06-08 00:00:00 UTC,5.910155440223742,46894852.39247083,426176.55490081775
2023-06-09 00:00:00 UTC,5.965305509707028,47396228.92358064,451246.0596663126
2023-06-10 00:00:00 UTC,5.941267895462707,47277763.75277642,470480.7834371576
2023-06-11 00:00:00 UTC,5.644641872984252,44884210.69518842,788697.5986132722
2023-06-12 00:00:00 UTC,5.853800270761893,46697871.967771046,585605.3314019975
2023-06-13 00:00:00 UTC,5.78919086826261,46065146.04550063,444262.64376291225
2023-06-14 00:00:00 UTC,5.545823009373169,44090893.22159127,497427.25248588057
2023-06-15 00:00:00 UTC,5.6070824720363115,44535481.274393335,506190.3568650673
2023-06-16 00:00:00 UTC,5.696942769383777,45446940.64540143,474710.2272422076
2023-06-17 00:00:00 UTC,5.6841000068523,45304446.236250006,538761.4765659958
2023-06-18 00:00:00 UTC,5.60204613230988,44373212.00460782,379846.0075799569
2023-06-19 00:00:00 UTC,5.596688022543697,44400666.34558715,416893.861310602
2023-06-20 00:00:00 UTC,5.617616957635114,44640314.94655927,351313.1228635727
2023-06-21 00:00:00 UTC,6.03150873711851,47966856.85010512,597633.5733662499
2023-06-22 00:00:00 UTC,6.339113566073422,50296942.92765464,655817.3318275122
2023-06-23 00:00:00 UTC,6.363830950424594,50579459.01511136,557696.6605564787
2023-06-24 00:00:00 UTC,6.453811810819869,51333863.42977125,512149.6891158925
2023-06-25 00:00:00 UTC,6.717770548169292,53763195.78150878,331726.0754254878
2023-06-26 00:00:00 UTC,6.887564441897261,53722993.22416282,235552.59511396827
2023-06-27 00:00:00 UTC,6.728908278252678,53538574.811993435,544019.3822170501
2023-06-28 00:00:00 UTC,7.078108899664751,56286563.746648766,635815.2096386157
2023-06-29 00:00:00 UTC,6.650270421945916,52796625.84315553,663927.2635103563
2023-06-30 00:00:00 UTC,6.892240545118722,55022000.40430878,476943.21387981053
2023-07-01 00:00:00 UTC,6.47344007169672,51570066.32519554,163780.44858509552
2023-07-02 00:00:00 UTC,6.808263791862342,54123889.18608668,419726.4114728748
2023-07-03 00:00:00 UTC,6.18218936699666,49286948.33329902,405733.91119585076
2023-07-04 00:00:00 UTC,6.492983887777981,50935363.5110857,220047.83016082362
2023-07-05 00:00:00 UTC,6.1469876706587705,48947478.75161068,596733.0812381271
2023-07-06 00:00:00 UTC,6.102354916086928,48562319.01089652,662060.7908846405
2023-07-07 00:00:00 UTC,6.244347139724895,49731968.10293678,603701.8312986598
2023-07-08 00:00:00 UTC,6.2973242729631185,50085362.196131766,407236.70813217084
2023-07-09 00:00:00 UTC,6.272560570573867,49790254.41225833,343968.4954739017
2023-07-10 00:00:00 UTC,6.380595722572682,50626736.97297523,413250.73356233747
2023-07-11 00:00:00 UTC,6.458643075201979,51415311.17709049,479167.79793213937
2023-07-12 00:00:00 UTC,6.48718276239299,51761618.19435076,398495.5720892355
2023-07-13 00:00:00 UTC,6.349094556113867,50223208.41557372,599604.9361114383
2023-07-14 00:00:00 UTC,6.874940635289221,54078722.64925806,800984.7649235703
2023-07-15 00:00:00 UTC,6.569259189352206,51898090.873185836,753234.6612085528
2023-07-16 00:00:00 UTC,6.652946255728239,52839526.365248434,496816.5693031637
2023-07-17 00:00:00 UTC,6.766606342401234,53400434.205120005,413744.61990752834
2023-07-18 00:00:00 UTC,6.342114449137576,50188069.30636726,192393.4367212304
2023-07-19 00:00:00 UTC,6.079283527830603,48168544.23398374,328150.9142292735
2023-07-20 00:00:00 UTC,5.876038189846088,46504991.42428092,423155.1904569515
2023-07-21 00:00:00 UTC,5.657223397930578,44812232.306665584,355461.6123739207
2023-07-22 00:00:00 UTC,5.703986547450381,45163181.30630375,253174.21781100016
2023-07-23 00:00:00 UTC,5.777819913049991,45998003.585404426,380389.4210779086
2023-07-24 00:00:00 UTC,5.827278972075882,46088554.69406181,427582.53472897824
2023-07-25 00:00:00 UTC,5.465756641071959,43284530.42752252,640200.5052864734
2023-07-26 00:00:00 UTC,5.9392043921538855,47018188.86960405,699043.5571170629
2023-07-27 00:00:00 UTC,5.7901226406075335,45821065.32708283,534114.625306235
2023-07-28 00:00:00 UTC,5.833191929503228,46016193.9307661,476990.55334145925
2023-07-29 00:00:00 UTC,5.8739764245531685,46502774.32572403,593397.411617761
2023-07-30 00:00:00 UTC,5.978249197901308,47568206.66063799,547533.3287865139
2023-07-31 00:00:00 UTC,6.127732499819335,48476230.518640175,714647.8631994956
2023-08-01 00:00:00 UTC,5.954812661852113,47166322.62561483,669268.2228336199
2023-08-02 00:00:00 UTC,5.585332895883,44088563.01486641,500903.323079816
2023-08-03 00:00:00 UTC,5.509007229043199,43717464.93805013,681501.7424678738
2023-08-04 00:00:00 UTC,5.876894414927753,46559454.764854,569095.965214948
2023-08-05 00:00:00 UTC,5.883761479073487,46065297.09133698,1067294.330604042
2023-08-06 00:00:00 UTC,5.995589159177494,47614148.876368515,642003.8424399938
2023-08-07 00:00:00 UTC,6.041667698544822,47838124.65861384,588723.937808734
2023-08-08 00:00:00 UTC,5.978935599654274,46445310.239454165,562512.0687329252
2023-08-09 00:00:00 UTC,5.754329207402047,45604215.82092234,662374.4923395558
2023-08-10 00:00:00 UTC,5.657497243128772,44873376.03721619,1331901.0364708365
2023-08-11 00:00:00 UTC,5.683746071964563,44087603.34683237,721329.7082758195
2023-08-12 00:00:00 UTC,5.456509173273857,43259095.27597605,419455.98685541516
2023-08-13 00:00:00 UTC,5.37209705065418,42628829.07919773,406411.9596779359
2023-08-14 00:00:00 UTC,5.382034650939733,42633907.99590821,261610.37519872634
2023-08-15 00:00:00 UTC,5.420932021490638,43087182.75204952,640709.8232980791
2023-08-16 00:00:00 UTC,5.105962546697318,40441625.2617711,563030.5156862265
2023-08-17 00:00:00 UTC,4.799066375376777,38599631.01740829,492564.87966730184
2023-08-18 00:00:00 UTC,4.568732552346099,36168820.306331374,519796.64431129943
2023-08-19 00:00:00 UTC,4.637247789332954,36774231.426909246,722524.571954523
2023-08-20 00:00:00 UTC,4.813474297654223,38142781.16450298,703633.2241877319
2023-08-21 00:00:00 UTC,4.777931041934607,38332562.354255624,618938.0279456956
2023-08-22 00:00:00 UTC,4.933290530660295,38987191.64915122,711282.4109297448
2023-08-23 00:00:00 UTC,4.555632172187468,36090466.57787105,836051.3679502058
2023-08-24 00:00:00 UTC,4.707457484517049,37293182.985320665,483341.8668686902
2023-08-25 00:00:00 UTC,4.765632558936046,37724544.6826682,470574.9722449537
2023-08-26 00:00:00 UTC,4.751613219340745,37608213.245144114,450279.6645000874
2023-08-27 00:00:00 UTC,4.786928507687065,37874111.99008349,581686.8417853591
2023-08-28 00:00:00 UTC,4.635262463071883,36673391.23497662,518870.43601260975
2023-08-29 00:00:00 UTC,4.552535074449044,36051467.79905048,334293.3859443414
2023-08-30 00:00:00 UTC,4.558741987443457,36097713.10898644,547443.0833455235
2023-08-31 00:00:00 UTC,4.606336995362275,36469874.71589074,294292.0808936909
2023-09-01 00:00:00 UTC,4.7510051601556675,37628855.41730224,590626.4487964148
2023-09-02 00:00:00 UTC,4.732464356925824,37462696.68469228,350816.1108508101
2023-09-03 00:00:00 UTC,4.673058399098701,36963173.650564365,297966.50971822575
2023-09-04 00:00:00 UTC,4.743921874258544,37604807.763057604,430431.70470450376
2023-09-05 00:00:00 UTC,4.495604203393895,35651386.69494092,361440.4152344469
2023-09-06 00:00:00 UTC,4.406973819462621,34885352.702171184,521721.4856048647
2023-09-07 00:00:00 UTC,4.420746355711494,35005557.49295074,490587.1719318749
2023-09-08 00:00:00 UTC,4.482065372270642,35493828.55109402,360059.12136287283
2023-09-09 00:00:00 UTC,4.610438661589726,36498716.79835771,438645.5007257507
2023-09-10 00:00:00 UTC,4.519105050762077,35758399.628789,398025.3904648616
2023-09-11 00:00:00 UTC,4.588995882163097,36384288.996080294,635698.8242075877
2023-09-12 00:00:00 UTC,4.73699577793022,37527128.84375547,839234.9260311148
2023-09-13 00:00:00 UTC,4.637377431721609,36724324.53313352,489868.4865310908
2023-09-14 00:00:00 UTC,4.600673391212558,36396982.928917035,424310.8043678751
2023-09-15 00:00:00 UTC,4.623613570546132,36616506.777837604,503704.5993155615
2023-09-16 00:00:00 UTC,4.499304989090133,35657654.77939507,579305.2871945706
2023-09-17 00:00:00 UTC,4.575205639979306,36200936.475855134,384583.79305329465
2023-09-18 00:00:00 UTC,4.754673479808354,37673173.203778245,632056.586258832
2023-09-19 00:00:00 UTC,4.777153258921524,37878989.62373735,503947.67775699036
2023-09-20 00:00:00 UTC,4.716671160965029,37335249.75947408,377430.8381834442
2023-09-21 00:00:00 UTC,4.953251773937878,39181505.23298105,702386.4339075626
2023-09-22 00:00:00 UTC,5.031299578681432,39872316.52700748,661426.2640607978
2023-09-23 00:00:00 UTC,4.862128125133852,38451942.00678105,683717.7641448006
2023-09-24 00:00:00 UTC,4.854450895408352,38439773.53141319,310853.69168962684
2023-09-25 00:00:00 UTC,4.872065902077335,38517120.58020811,388805.37299519626
2023-09-26 00:00:00 UTC,4.989186191721604,39503113.87691684,465349.92113315105
2023-09-27 00:00:00 UTC,5.055278878868078,40014233.06436713,459084.13504329947
2023-09-28 00:00:00 UTC,5.252853773182698,41440735.92379206,614276.1375377997
2023-09-29 00:00:00 UTC,5.49057223491707,43447473.784762844,520062.22290600336
2023-09-30 00:00:00 UTC,5.469314975120352,43465294.086362414,416017.3728304122
2023-10-01 00:00:00 UTC,5.584133827385217,44220385.94781044,286009.64099078765
2023-10-02 00:00:00 UTC,5.6756603754490325,44893120.36098994,233867.9609015056
2023-10-03 00:00:00 UTC,5.640322195508505,44696123.87015186,239951.5097314885
2023-10-04 00:00:00 UTC,5.8457519373796565,46315504.65947537,423868.3358777477
2023-10-05 00:00:00 UTC,5.556414356618786,44004811.52897112,314078.7277238157
2023-10-06 00:00:00 UTC,5.495119884845744,43465816.55029974,415109.48168759723
2023-10-07 00:00:00 UTC,5.491490724241607,43465425.871041104,206248.82251516794
2023-10-08 00:00:00 UTC,5.573820319655621,44123188.20898157,237871.47466224994
2023-10-09 00:00:00 UTC,5.619286025297674,44545585.36823196,175823.75337197358
2023-10-10 00:00:00 UTC,5.796839993792933,45902852.083108775,587944.1418211685
2023-10-11 00:00:00 UTC,6.162077805641877,48596713.07021534,697814.3444174164
2023-10-12 00:00:00 UTC,5.692823076810712,45098549.62038061,544746.7240646057
2023-10-13 00:00:00 UTC,5.773071748509272,45724278.545883,383401.33693402755
2023-10-14 00:00:00 UTC,5.9381805730411275,47076859.40702796,294907.5982933
2023-10-15 00:00:00 UTC,5.998322167863859,47457013.57207829,253133.8089192964
2023-10-16 00:00:00 UTC,6.189785612453911,48913684.719138734,315237.0641969654
2023-10-17 00:00:00 UTC,6.3900523500429465,50242740.52069587,523843.03113700205
2023-10-18 00:00:00 UTC,5.980103703446214,47354954.21680816,293079.10611103097
2023-10-19 00:00:00 UTC,5.9429298518712175,47061445.348309666,511924.7409179977
2023-10-20 00:00:00 UTC,6.026654519634516,47752703.99875123,419658.07828987646
2023-10-21 00:00:00 UTC,5.912021863753976,46863490.97740592,407044.9673995466
2023-10-22 00:00:00 UTC,5.95623772777918,47178370.11362852,318531.0098302476
2023-10-23 00:00:00 UTC,6.022174550036015,47882855.873445116,289337.55149000953
2023-10-24 00:00:00 UTC,5.558481093400414,43884479.83550383,557612.1694857151
2023-10-25 00:00:00 UTC,5.885798016114611,46624468.271372326,694608.8957635151
2023-10-26 00:00:00 UTC,5.915985514954822,46872536.69828931,422169.0734986452
2023-10-27 00:00:00 UTC,5.700506599084051,45190248.85472397,596842.5222697902
2023-10-28 00:00:00 UTC,6.181316145690523,48978461.40325701,865763.5105711122
2023-10-29 00:00:00 UTC,6.385860723225628,51036165.21493613,934005.3269798808
2023-10-30 00:00:00 UTC,6.42815509050484,50911435.55260494,408200.60081853747
2023-10-31 00:00:00 UTC,6.47457089354713,51212584.81270996,336354.810512893
2023-11-01 00:00:00 UTC,6.642543761195984,52612168.55888953,1209278.6987378101
2023-11-02 00:00:00 UTC,6.569441957326053,52064419.08308914,522408.78827889246
2023-11-03 00:00:00 UTC,7.06311310913384,55918918.110098384,583991.5823257171
2023-11-04 00:00:00 UTC,9.019169890652167,70848309.8214071,2422227.0454431525
2023-11-05 00:00:00 UTC,9.303937116365107,73702721.45415561,2134079.183846074
2023-11-06 00:00:00 UTC,8.943308970808635,70781936.84545676,868946.3325968991
2023-11-07 00:00:00 UTC,10.223045645179377,81245350.60309987,1010388.5090573024
2023-11-08 00:00:00 UTC,11.881796293765852,94029402.94878891,2225299.1575320894
2023-11-09 00:00:00 UTC,13.346794164837513,106053233.56583764,3308513.1609360063
2023-11-10 00:00:00 UTC,13.07164629642935,103645651.89927217,2715525.49145324
2023-11-11 00:00:00 UTC,12.861818395732042,102126362.8527094,2042982.3739665179
2023-11-12 00:00:00 UTC,11.955628955470704,94667221.89431465,1236301.6007423492
2023-11-13 00:00:00 UTC,11.621891596534272,91996629.97898796,763741.2176327069
2023-11-14 00:00:00 UTC,12.068679086483089,95553415.77364412,1047178.9138586726
2023-11-15 00:00:00 UTC,10.919860850166913,86530426.90313819,904649.3621634872
2023-11-16 00:00:00 UTC,12.510639685014384,98945612.75154072,720447.4011296758
2023-11-17 00:00:00 UTC,13.5444081524964,107258442.18955539,1808131.3424811647
2023-11-18 00:00:00 UTC,14.68436757861847,116361968.70730549,1344578.0098363794
2023-11-19 00:00:00 UTC,14.86275841128702,117694805.25716321,540264.7369727897
2023-11-20 00:00:00 UTC,14.094209252075467,111653465.16538937,616535.2059425559
2023-11-21 00:00:00 UTC,13.353674958141962,105754038.36542772,1165647.6402450998
2023-11-22 00:00:00 UTC,14.339886299248006,113643509.62901711,1431377.6879464493
2023-11-23 00:00:00 UTC,14.018650282971903,111447492.36129177,1082740.266759003
2023-11-24 00:00:00 UTC,14.591200571498021,114440352.91588932,1674662.961233326
2023-11-25 00:00:00 UTC,15.665842067406588,122506346.917018,1327142.40864765
2023-11-26 00:00:00 UTC,17.792819737106633,139510748.5059515,1824117.3546039143
2023-11-27 00:00:00 UTC,17.693028518201594,138691959.6677938,2343506.682105881
2023-11-28 00:00:00 UTC,18.67796569722631,145981608.26422372,1169603.1289357797
2023-11-29 00:00:00 UTC,18.895057610510815,148034660.4890548,5270987.352083265
2023-11-30 00:00:00 UTC,19.83948853124677,155981312.0746789,2048371.130785321
2023-12-01 00:00:00 UTC,20.718937844219067,163325608.58674797,2467332.2672708663
2023-12-02 00:00:00 UTC,21.518965719632167,169955513.88729015,1321662.8776934524
2023-12-03 00:00:00 UTC,21.034729506092532,165679310.78952497,2027898.0567653629
2023-12-04 00:00:00 UTC,19.437878565790783,152906456.5905466,1308165.6593623436
2023-12-05 00:00:00 UTC,18.72329907033094,147025811.27193478,2483225.3854299653
2023-12-06 00:00:00 UTC,18.205358056343442,142568169.8114871,1126565.9045357998
2023-12-07 00:00:00 UTC,18.747206675275542,146445464.6047124,1850505.7988985789
2023-12-08 00:00:00 UTC,17.184154275659235,134699697.60359237,1388820.9524526463
2023-12-09 00:00:00 UTC,17.553002419833422,137374088.66327044,1302880.7547896204
2023-12-10 00:00:00 UTC,17.10785329368347,134139619.3376889,1156906.7920006753
2023-12-11 00:00:00 UTC,16.18193126693339,126827717.12583984,1120769.0909292863
2023-12-12 00:00:00 UTC,15.305918107779807,119386336.91936038,1527394.466280232
2023-12-13 00:00:00 UTC,16.540808493002913,129615623.14571844,1911909.6037293365
2023-12-14 00:00:00 UTC,15.987041890805244,125366730.21579337,1595493.0609958293
2023-12-15 00:00:00 UTC,14.540624867509004,112514583.15982643,4376876.809006644
2023-12-16 00:00:00 UTC,14.508073211332695,113716797.93459061,2152816.0005794363
2023-12-17 00:00:00 UTC,15.507801153146238,121384279.85292931,1069881.7688694964
2023-12-18 00:00:00 UTC,14.744802005356675,115475858.0325294,1140472.6946057153
2023-12-19 00:00:00 UTC,14.085206152052397,110437193.39020489,1282419.1413074313
2023-12-20 00:00:00 UTC,14.609005428101945,114223985.73094803,1210562.4762589424
2023-12-21 00:00:00 UTC,15.82271969377958,123976608.61020581,2120541.7307330994
2023-12-22 00:00:00 UTC,16.404075925632494,128076590.57034518,1708319.9608649325
2023-12-23 00:00:00 UTC,15.725854417440399,123262705.90571897,1685176.443604003
2023-12-24 00:00:00 UTC,14.980182545039527,117560830.94069855,974330.8217859913
2023-12-25 00:00:00 UTC,15.158310983983988,118607200.21416572,1219792.2799520947
2023-12-26 00:00:00 UTC,14.925025881068251,116960348.9848563,1192041.244912592
2023-12-27 00:00:00 UTC,14.779372147802803,115794784.50772685,1181206.235261366
2023-12-28 00:00:00 UTC,14.240931039175443,111651883.36418155,1247659.5226274752
2023-12-29 00:00:00 UTC,14.120983452772156,110635616.78711593,2377558.5920639946
2023-12-30 00:00:00 UTC,14.315816830325275,112154578.06186736,1384512.1559630344
2023-12-31 00:00:00 UTC,14.02287689937433,109706262.74598466,807744.4094054783
2024-01-01 00:00:00 UTC,17.702507459471214,138654264.73281685,2806452.967936088
2024-01-02 00:00:00 UTC,17.027513727948875,133436675.35048719,1599169.9633081004
2024-01-03 00:00:00 UTC,16.774354334608386,131084301.14118442,1078051.84345976
2024-01-04 00:00:00 UTC,15.858725280526835,124277825.48260637,1231207.5472764599
2024-01-05 00:00:00 UTC,15.721142162569905,123184000.54981756,965348.7193480985
2024-01-06 00:00:00 UTC,14.963199764879787,117119212.87688735,1339781.9816613318
2024-01-07 00:00:00 UTC,13.689758049200561,107234286.66035707,1057447.1779956855
2024-01-08 00:00:00 UTC,13.458409384362332,103466540.17395543,1115181.648372621
2024-01-09 00:00:00 UTC,13.389844867696238,104902886.7425375,1795841.057010434
2024-01-10 00:00:00 UTC,13.019359639290153,102155686.99686724,794519.8075665914
2024-01-11 00:00:00 UTC,13.866678998007258,108489295.29542552,1347837.0014460986
2024-01-12 00:00:00 UTC,13.28888296382459,104470047.06813446,1453131.243929944
2024-01-13 00:00:00 UTC,12.574401172632166,98325452.20603798,1070141.8338475644
2024-01-14 00:00:00 UTC,12.241074014234888,95958606.34740585,970812.1719060531
2024-01-15 00:00:00 UTC,12.643973933594655,99256522.9242858,977852.1423275687
2024-01-16 00:00:00 UTC,13.358039787332153,104686889.92393465,1054468.6697366657
2024-01-17 00:00:00 UTC,14.204394522409132,111284996.40571833,1033703.8817730396
2024-01-18 00:00:00 UTC,16.226739635511276,126549100.49788599,2635050.63006962
2024-01-19 00:00:00 UTC,14.40203516477306,112842802.03076601,1075846.9023593175
2024-01-20 00:00:00 UTC,13.77476392102252,107590165.73757154,1091976.8485661298
2024-01-21 00:00:00 UTC,13.785628690657846,107937777.52379207,505698.24318016565
2024-01-22 00:00:00 UTC,13.706259339602543,107273466.56005134,573785.6162105603
2024-01-23 00:00:00 UTC,12.628679427850175,99098401.12602225,1024947.042747091
2024-01-24 00:00:00 UTC,12.678927607536897,99065147.74929047,856971.43823295
2024-01-25 00:00:00 UTC,13.02315498110537,102048550.16268225,672606.3707496386
2024-01-26 00:00:00 UTC,12.759186182700345,99963795.53894107,510211.3010705459
2024-01-27 00:00:00 UTC,12.985847294420134,101774439.66855244,1071016.0936791024
2024-01-28 00:00:00 UTC,12.551684018480138,98361218.2040307,755065.6052235939
2024-01-29 00:00:00 UTC,12.104387033139417,94603089.00096887,1540135.2411549208
2024-01-30 00:00:00 UTC,11.983856646896985,94043810.72684996,1089372.5468871281
2024-01-31 00:00:00 UTC,11.837365278271244,92785257.86606169,1409065.9580680572
2024-02-01 00:00:00 UTC,11.432212421951892,89584927.94131605,871828.9099937312
2024-02-02 00:00:00 UTC,12.081332348004773,94555198.70789744,1026218.7330999061
2024-02-03 00:00:00 UTC,12.373273245183725,96987686.9903709,858743.4850703633
2024-02-04 00:00:00 UTC,12.441771715914875,97414589.8737482,508368.59789909393
2024-02-05 00:00:00 UTC,11.969980165609108,93871388.29186267,402513.1623039346
2024-02-06 00:00:00 UTC,11.751381538453968,92171872.1844287,542056.1832947982
2024-02-07 00:00:00 UTC,11.884699886393541,93072614.12353428,611453.0702278133
2024-02-08 00:00:00 UTC,12.643243886509886,98992622.03105319,900843.9807335092
2024-02-09 00:00:00 UTC,12.585113258432854,98484686.24293311,619114.9440485338
2024-02-10 00:00:00 UTC,12.514770749699757,98089622.83277512,959479.7963341058
2024-02-11 00:00:00 UTC,12.342489119621563,96759644.17872386,613702.5396611289
2024-02-12 00:00:00 UTC,13.596200227217269,106499764.78843936,878191.695421477
2024-02-13 00:00:00 UTC,14.157290144568357,111319845.3474545,1245192.812638397
2024-02-14 00:00:00 UTC,14.057540551143141,110138575.35869615,632712.763611135
2024-02-15 00:00:00 UTC,13.498263181746756,105866508.9133925,1415896.3526190696
2024-02-16 00:00:00 UTC,13.00096469042248,101734622.40377247,1255680.4579659419
2024-02-17 00:00:00 UTC,12.373839031384604,96939805.32171766,894893.4458298462
2024-02-18 00:00:00 UTC,12.001680177377988,94062050.69624658,854755.1333037856
2024-02-19 00:00:00 UTC,12.657003740632486,99289366.25134537,1200503.1718746799
2024-02-20 00:00:00 UTC,12.715931080295537,99502554.64126924,1108409.183355975
2024-02-21 00:00:00 UTC,12.173374360302253,95572542.28765577,1113632.0686336947
2024-02-22 00:00:00 UTC,10.979121021674848,86266237.73142327,1391691.2487588394
2024-02-23 00:00:00 UTC,11.681021261938483,91544648.62754665,1147122.9115353765
2024-02-24 00:00:00 UTC,11.765931369782624,92370095.22351757,948822.5092539552
2024-02-25 00:00:00 UTC,13.308859538943812,103683830.68478161,1360143.2964746659
2024-02-26 00:00:00 UTC,14.401362685981933,113053247.18736844,2151988.502035941
2024-02-27 00:00:00 UTC,14.634346614594605,114749938.61078349,1402302.244116137
2024-02-28 00:00:00 UTC,14.500994534261567,113556554.26505943,1055270.6304635329
2024-02-29 00:00:00 UTC,14.167871114462908,110859458.51930745,1187605.585286461
2024-03-01 00:00:00 UTC,13.84335997845797,108552023.63847561,1402657.7421881533
2024-03-02 00:00:00 UTC,16.594051262733736,129966762.31585291,2806270.363391882
2024-03-03 00:00:00 UTC,15.000492251643266,117461460.0552849,2201957.943176763
2024-03-04 00:00:00 UTC,17.05233469604941,132782410.44173223,2869581.859870688
2024-03-05 00:00:00 UTC,19.92760101662697,156414095.09945315,4450847.916292409
2024-03-06 00:00:00 UTC,17.125157019661625,134119033.74913241,2544354.9561095703
2024-03-07 00:00:00 UTC,16.41640468495836,129077493.7790035,1353417.6427525438
2024-03-08 00:00:00 UTC,17.892588108425407,139894728.0827919,2434493.498880301
2024-03-09 00:00:00 UTC,17.0774430272862,133814706.33413534,1421584.3423807868
2024-03-10 00:00:00 UTC,17.73621166443349,138630363.85520777,1824863.9621863472
2024-03-11 00:00:00 UTC,17.599732801644915,137782550.95096222,1722710.507322844
2024-03-12 00:00:00 UTC,17.06243395827333,133887705.17036493,1980648.7848825003
2024-03-13 00:00:00 UTC,16.402745920800704,128500379.1731991,2570517.1741794483
2024-03-14 00:00:00 UTC,16.4439681780615,129002507.31449732,1356411.268960665
2024-03-15 00:00:00 UTC,15.074414996252814,117723651.61556824,2116661.0726139746
2024-03-16 00:00:00 UTC,14.629081872376656,114326843.65283526,1835270.9139810018
2024-03-17 00:00:00 UTC,13.738322427452244,107581989.13471344,1418656.290991117
2024-03-18 00:00:00 UTC,14.335331458248167,112337778.78939131,1316434.3866114183
2024-03-19 00:00:00 UTC,15.428821453026934,121261059.56307918,2276526.6725565167
2024-03-20 00:00:00 UTC,14.695332511034632,115727003.77261804,3112847.397047091
2024-03-21 00:00:00 UTC,16.383996711629415,128061841.3449015,1868468.4268228577
2024-03-22 00:00:00 UTC,19.658273389931125,153550807.7399482,5142655.401632864
2024-03-23 00:00:00 UTC,17.169055716862175,133853127.59278569,2970430.2011345313
2024-03-24 00:00:00 UTC,20.180092576276525,158512004.0915749,2416251.50033168
2024-03-25 00:00:00 UTC,20.924682824638275,165227684.94445005,3747592.2576582553
2024-03-26 00:00:00 UTC,23.348173850406774,182336218.63137922,6260076.76686236
2024-03-27 00:00:00 UTC,25.139021549392453,197011422.44238502,9996366.355154468
2024-03-28 00:00:00 UTC,25.90454715158527,203001959.12962645,14235689.622525487
2024-03-29 00:00:00 UTC,23.11466952336264,181262440.25881976,7115992.304801962
2024-03-30 00:00:00 UTC,23.69191110982345,185731658.75246382,6301202.162227593
2024-03-31 00:00:00 UTC,24.769739999714496,194891212.89300355,9963152.406776117
2024-04-01 00:00:00 UTC,25.715383569963286,201184762.507185,4777362.620738845
2024-04-02 00:00:00 UTC,24.079605093366155,189394091.96861282,7981794.731718932
2024-04-03 00:00:00 UTC,21.669207166026233,169855607.25021592,5217299.103786184
2024-04-04 00:00:00 UTC,20.655489286119877,161976834.2548979,3925784.766824932
2024-04-05 00:00:00 UTC,20.529390360143484,160835848.26609752,4527579.457172557
2024-04-06 00:00:00 UTC,18.69802055114026,146946288.91737232,2894127.9330856493
2024-04-07 00:00:00 UTC,18.802502824014816,146617661.48065946,3291489.3566536284
2024-04-08 00:00:00 UTC,21.92530842364031,171355378.71436176,4196605.819148608
2024-04-09 00:00:00 UTC,21.093885797405182,165502872.9697769,2343384.062763437
2024-04-10 00:00:00 UTC,19.446489809076876,152502158.35999462,2440883.4521746337
2024-04-11 00:00:00 UTC,21.125667906814872,165509513.08463976,4221797.787965203
2024-04-12 00:00:00 UTC,20.392673996852707,159968677.91449746,4054984.442685568
2024-04-13 00:00:00 UTC,18.299006972420145,143061112.93373314,3596094.4033532008
2024-04-14 00:00:00 UTC,15.726758452931193,123609761.3204236,4098529.6303001624
2024-04-15 00:00:00 UTC,18.858426720810808,147828263.30484235,4592754.323525627
2024-04-16 00:00:00 UTC,15.700959277582626,122853381.85250576,4098646.240531071
2024-04-17 00:00:00 UTC,16.495482028476967,129149957.80167739,2603085.783112937
2024-04-18 00:00:00 UTC,15.89013748371449,124515350.93229875,2348977.693343489
2024-04-19 00:00:00 UTC,16.03307579320747,125743581.77039343,1282595.0784105752
2024-04-20 00:00:00 UTC,15.651175774089412,122386842.5645716,1498335.5660550524
2024-04-21 00:00:00 UTC,17.071560565817663,133538325.03958982,1501865.5097098118
2024-04-22 00:00:00 UTC,15.654407045072688,122743240.2177707,1546123.1856743672
2024-04-23 00:00:00 UTC,15.150253799510573,119997031.18842907,3639697.8128247443
2024-04-24 00:00:00 UTC,14.490798071233645,113533619.08223449,2225020.121548583
2024-04-25 00:00:00 UTC,14.069801157122196,110462323.4253102,1784555.5363906878
2024-04-26 00:00:00 UTC,14.133478859567294,110858706.88905214,1110774.6864714166
2024-04-27 00:00:00 UTC,13.052824723273487,102485094.21485856,1640424.7743472587
2024-04-28 00:00:00 UTC,12.850831678261013,100740874.39954117,2446542.458125091
2024-04-29 00:00:00 UTC,12.5378068565398,98139674.40372324,1687335.5135046113
2024-04-30 00:00:00 UTC,12.498237570733536,97976657.50617504,1399285.639877669
2024-05-01 00:00:00 UTC,11.888426876788378,93170076.21516553,1620157.6463143697
2024-05-02 00:00:00 UTC,11.866033474557607,93197660.36449914,1708717.3987118856
2024-05-03 00:00:00 UTC,13.339756510381871,104509243.40041971,1470617.501068628
2024-05-04 00:00:00 UTC,14.798945899525096,116201530.04749241,1354053.2433116818
2024-05-05 00:00:00 UTC,15.552882373638138,121880467.52367151,1483723.0092077656
2024-05-06 00:00:00 UTC,14.980101758675634,117250443.8060589,998028.4439750522
2024-05-07 00:00:00 UTC,14.794616184467285,116022715.13893509,680686.4934026628
2024-05-08 00:00:00 UTC,14.177613727228595,111101938.34415542,675286.3862539986
2024-05-09 00:00:00 UTC,13.415733289648939,105109709.68706296,831638.9253982481
2024-05-10 00:00:00 UTC,13.480153091928983,105483320.54098633,674099.7795122056
2024-05-11 00:00:00 UTC,13.217369720757677,103591905.90805992,1181684.1276081444
2024-05-12 00:00:00 UTC,12.980020194449926,101692944.06183371,573596.3762691518
2024-05-13 00:00:00 UTC,12.659051704201525,99179007.20233418,865572.4212997382
2024-05-14 00:00:00 UTC,11.98972320756611,93931252.6606008,1241992.059871133
2024-05-15 00:00:00 UTC,11.658867204687379,91324923.96067736,748344.0000348757
2024-05-16 00:00:00 UTC,12.638442495735545,99021562.04079285,998672.9616814966
2024-05-17 00:00:00 UTC,13.349381148682813,104600994.16995372,1076743.7076789883
2024-05-18 00:00:00 UTC,13.7724640292952,107840295.85616326,885901.0145873005
2024-05-19 00:00:00 UTC,13.608821870431226,106632503.05884819,641135.8915989981
2024-05-20 00:00:00 UTC,13.558781032407227,106252759.88534132,792114.4532349496
2024-05-21 00:00:00 UTC,14.725308939731088,115027264.59357846,2548697.932442592
2024-05-22 00:00:00 UTC,16.267636269597883,127722281.0263031,1793031.0859319407
2024-05-23 00:00:00 UTC,15.695959990444724,123025759.75330183,934034.7054523051
2024-05-24 00:00:00 UTC,15.361575792914755,120461065.89130966,1114350.5476599983
2024-05-25 00:00:00 UTC,14.847580338411598,116236056.21564421,935080.9175153105
2024-05-26 00:00:00 UTC,14.809386827053872,115906104.37996708,925428.4961296291
2024-05-27 00:00:00 UTC,14.505667651535003,113734897.3389967,807286.4487177917
2024-05-28 00:00:00 UTC,15.114623301730264,118234908.10303028,755158.2575054662
2024-05-29 00:00:00 UTC,14.782873680580877,115793287.01649477,648189.5950398867
2024-05-30 00:00:00 UTC,14.661739907232231,114896723.14621182,719918.710261723
2024-05-31 00:00:00 UTC,13.918554899283656,109120421.58995777,801166.3407431268
2024-06-01 00:00:00 UTC,13.911092755430447,108968353.99812745,614097.5954579507
2024-06-02 00:00:00 UTC,14.6306721544998,114527270.29747263,1206591.887247382
2024-06-03 00:00:00 UTC,13.858262752778236,108568769.58658546,1033978.0477326175
2024-06-04 00:00:00 UTC,13.98749799005674,109615674.30047797,987843.6873640649
2024-06-05 00:00:00 UTC,14.458530460597101,113207146.85316196,1083436.4370132713
2024-06-06 00:00:00 UTC,16.784073409878584,131629355.50520802,2589208.296005645
2024-06-07 00:00:00 UTC,15.835946014615809,124146989.23590906,1300003.2239959126
2024-06-08 00:00:00 UTC,15.74422663923006,123459690.00977086,2945710.514038431
2024-06-09 00:00:00 UTC,16.803758606642823,131717186.67750248,3131646.9566646838
2024-06-10 00:00:00 UTC,16.327982816137933,127833026.32172596,2703849.378943124
2024-06-11 00:00:00 UTC,15.783290287939815,123772292.9754204,4555823.668850549
2024-06-12 00:00:00 UTC,14.731053811960278,115393479.99907105,3740781.952440336
2024-06-13 00:00:00 UTC,14.029705414407989,109633829.63593198,4099063.276418123
2024-06-14 00:00:00 UTC,13.674120930951798,107198127.02794473,2565014.580393033
2024-06-15 00:00:00 UTC,13.147127323390123,103133084.14759155,2289854.5297951773
2024-06-16 00:00:00 UTC,12.823571603646316,100463480.04183795,1635061.4321661454
2024-06-17 00:00:00 UTC,12.454746325858538,97546543.60713501,646108.006003588
2024-06-18 00:00:00 UTC,12.38336340547298,96648091.50993305,1660813.0019336466
2024-06-19 00:00:00 UTC,11.341429876691855,88724160.38093738,1805915.0409354363
2024-06-20 00:00:00 UTC,11.93326641646421,93411388.8923832,892121.497555525
2024-06-21 00:00:00 UTC,12.212949137744083,95977404.20035489,846685.0476157417
2024-06-22 00:00:00 UTC,11.934650386007375,93388819.65772371,585310.6273971196
2024-06-23 00:00:00 UTC,13.032619409320668,101334764.46811299,1366744.2444196856
2024-06-24 00:00:00 UTC,13.686145181455222,107023726.07037619,1449200.6121569544
2024-06-25 00:00:00 UTC,12.24119741208104,96087553.18623643,1298448.9867643905
2024-06-26 00:00:00 UTC,12.844367681549226,100516798.4491194,1379947.6601138928
2024-06-27 00:00:00 UTC,12.945939525397016,101382380.60243887,576592.7188078637
2024-06-28 00:00:00 UTC,12.762271840226147,99950230.05930866,496800.912385248
2024-06-29 00:00:00 UTC,11.676736367612088,91372170.08259772,1542960.5678188517
2024-06-30 00:00:00 UTC,11.69032860431575,91646887.37242842,589675.198816371
2024-07-01 00:00:00 UTC,11.803186266552167,92418049.96388806,308547.19711847836
2024-07-02 00:00:00 UTC,13.720958146172485,108331873.38955171,2421826.0827458627
2024-07-03 00:00:00 UTC,12.883148673053222,100685828.29729317,1389570.7754997746
2024-07-04 00:00:00 UTC,11.748309157916902,92041427.3902379,1317802.5125720955
2024-07-05 00:00:00 UTC,11.61357637305098,91201774.8475556,1009507.2848742894
2024-07-06 00:00:00 UTC,11.17639378501229,87559623.23732638,1449979.7764497588
2024-07-07 00:00:00 UTC,12.192684868136409,95492760.34318842,1233240.7796527792
2024-07-08 00:00:00 UTC,11.325503772451738,88786986.81420739,728850.6434262763
2024-07-09 00:00:00 UTC,11.585163962263199,90593698.1811093,646592.2918562511
2024-07-10 00:00:00 UTC,11.787054844724375,92266550.88042648,683925.390893652
2024-07-11 00:00:00 UTC,11.651125687269802,91245277.85687855,466928.42622923927
2024-07-12 00:00:00 UTC,11.411357102975165,89382365.23833779,1274739.0980116613
2024-07-13 00:00:00 UTC,11.788301350499054,92375742.03114405,763475.4641182058
2024-07-14 00:00:00 UTC,12.537417509308373,98041534.45611176,559604.002338721
2024-07-15 00:00:00 UTC,13.286554623211977,103617707.66110466,1002415.6988682838
2024-07-16 00:00:00 UTC,15.515303795925366,121327618.187341,5161729.637584969
2024-07-17 00:00:00 UTC,15.858236174484768,124218446.22052224,8535198.137959003
2024-07-18 00:00:00 UTC,17.177229817739804,132387429.59522927,3525159.860828158
2024-07-19 00:00:00 UTC,16.18338644861622,126786189.49061227,2741935.862956943
2024-07-20 00:00:00 UTC,18.622313531251947,145398697.39930776,4092764.5185845424
2024-07-21 00:00:00 UTC,20.829395139697745,163230750.4785154,10076738.381485872
2024-07-22 00:00:00 UTC,20.512499637677216,160573987.60903364,5423086.673435723
2024-07-23 00:00:00 UTC,20.316816901529368,159080508.03925896,3290557.015406918
2024-07-24 00:00:00 UTC,19.221716714134512,150643568.72611833,2888960.35617555
2024-07-25 00:00:00 UTC,18.615890090444697,145821268.46150962,1240989.5608098411
2024-07-26 00:00:00 UTC,18.187274771640432,142628741.32140893,2743031.0448619733
2024-07-27 00:00:00 UTC,21.030817366806072,164865970.07836288,3127617.915116837
2024-07-28 00:00:00 UTC,19.49091473507668,152821744.50022522,1192055.6389672454
2024-07-29 00:00:00 UTC,18.96954261068885,148739541.9512373,741154.9146908537
2024-07-30 00:00:00 UTC,18.694520856284736,146799925.1368903,1418896.268767201
2024-07-31 00:00:00 UTC,17.486907632743645,137090727.22431,1617957.066081387
2024-08-01 00:00:00 UTC,18.357710579190368,143918291.8161073,1385021.8499968967
2024-08-02 00:00:00 UTC,16.766002834757845,131350002.71475323,3076732.5921131214
2024-08-03 00:00:00 UTC,14.078100412764147,110293738.98302135,3241189.869786335
2024-08-04 00:00:00 UTC,13.07758101772972,102580703.23592645,2484020.4582551974
2024-08-05 00:00:00 UTC,13.534146343496364,106032174.82482152,3014090.489558104
2024-08-06 00:00:00 UTC,11.857648025731185,93173537.76318094,8522818.233737359
2024-08-07 00:00:00 UTC,12.793863158632329,100294487.45717986,2851365.1550122383
2024-08-08 00:00:00 UTC,11.882532044935825,93092736.19282398,3862578.8416340062
2024-08-09 00:00:00 UTC,15.20435228688079,119257590.75300176,4140887.7383726216
2024-08-10 00:00:00 UTC,15.04978771753179,117595307.72851841,2079708.8847833157
2024-08-11 00:00:00 UTC,14.201821290999534,111265438.25318034,1586286.975082422
2024-08-12 00:00:00 UTC,13.617812192006328,106659988.59994064,2002450.8517491776
2024-08-13 00:00:00 UTC,14.58108458671467,113980986.81139824,1605999.0207994098
2024-08-14 00:00:00 UTC,14.350100932003741,112424705.05036505,1216448.2941878445
2024-08-15 00:00:00 UTC,13.630963410492155,106750614.40563998,2722988.2251012633
2024-08-16 00:00:00 UTC,13.71884500028444,107785835.86007117,2239223.0068011056
2024-08-17 00:00:00 UTC,14.169679380525132,111073790.13720527,1411479.586595527
2024-08-18 00:00:00 UTC,14.22408668996009,111437456.66367899,873092.926983209
2024-08-19 00:00:00 UTC,14.28301709043239,111714505.99187912,775751.0417961308
2024-08-20 00:00:00 UTC,14.13442449116212,110719291.72902487,962386.6922137454
2024-08-21 00:00:00 UTC,15.093556907722974,118092668.41801287,2032484.2541765315
2024-08-22 00:00:00 UTC,16.783693000686153,131365824.4512405,2447848.5435105157
2024-08-23 00:00:00 UTC,18.001951622703334,141035130.26069877,2078629.1856068547
2024-08-24 00:00:00 UTC,18.32432096818047,144299418.3115441,2102647.4314642907
2024-08-25 00:00:00 UTC,17.789056564921594,139299519.61631086,1823994.7369172703
2024-08-26 00:00:00 UTC,17.886623605506944,140245719.60690877,1235669.562134651
2024-08-27 00:00:00 UTC,18.47008816178708,144711324.8656094,2598844.4809545446
2024-08-28 00:00:00 UTC,17.65448248817974,138312615.07881948,3332529.33746315
2024-08-29 00:00:00 UTC,17.605561731064725,138286587.0661929,3686187.844638898
2024-08-30 00:00:00 UTC,17.500183794524812,137427601.38955104,1499765.580244753
2024-08-31 00:00:00 UTC,17.29428344306822,135616742.00434098,1086233.8881612872
2024-09-01 00:00:00 UTC,17.55041027794564,138053237.1002273,590591.1933231853
2024-09-02 00:00:00 UTC,16.633302077433235,130272626.0242999,848067.7786185591
2024-09-03 00:00:00 UTC,17.007035628604722,133185045.99037306,1376933.9657654222
2024-09-04 00:00:00 UTC,15.995555033139627,125596981.36031972,2061531.4170029745
2024-09-05 00:00:00 UTC,16.336209595152194,128073311.66111079,1948117.420371628
2024-09-06 00:00:00 UTC,15.13532487184452,118617209.75448877,2292181.971206565
2024-09-07 00:00:00 UTC,15.39098284875935,120703419.61737317,2491367.1059891796
2024-09-08 00:00:00 UTC,15.728030206847672,123296818.89522456,743634.0470569904
2024-09-09 00:00:00 UTC,15.820446322413154,123386596.00273556,736183.8433263904
2024-09-10 00:00:00 UTC,16.23654671927457,127203911.98642476,1602117.4114292895
2024-09-11 00:00:00 UTC,16.68852035244853,130687476.70303836,1135918.2764188163
2024-09-12 00:00:00 UTC,15.658419754438215,122769149.30034137,951422.3458673068
2024-09-13 00:00:00 UTC,17.311266183138454,135917296.0845055,1322163.5303032093
2024-09-14 00:00:00 UTC,18.48134301819322,144785640.121646,1221173.4806797525
2024-09-15 00:00:00 UTC,18.243405041916407,142926481.19133526,343338.40772482223
2024-09-16 00:00:00 UTC,18.171559401803815,142368621.97201034,616655.3707669592
2024-09-17 00:00:00 UTC,17.501014400155015,137314561.94486493,632700.0650958489
2024-09-18 00:00:00 UTC,18.358378722359536,143863358.63653404,1701523.764589321
2024-09-19 00:00:00 UTC,18.215860575979647,142831609.2198363,1112683.4144277517
2024-09-20 00:00:00 UTC,17.73673985427137,138957053.76011455,3880260.947272396
2024-09-21 00:00:00 UTC,19.707861626950262,154393532.85337332,1897888.8083125935
2024-09-22 00:00:00 UTC,18.543213392645274,145455603.14067072,2144515.2504072976
2024-09-23 00:00:00 UTC,18.448632320325224,144444215.4224621,946309.117240349
2024-09-24 00:00:00 UTC,19.049359385445673,148720647.66580668,479614.8947680461
2024-09-25 00:00:00 UTC,20.13754245027942,157806889.6754522,2479385.952156213
2024-09-26 00:00:00 UTC,20.208710649909577,158163674.9446245,817325.6936505955
2024-09-27 00:00:00 UTC,19.90986876327848,156148298.00345612,1783233.6623553145
2024-09-28 00:00:00 UTC,19.649115522935674,153898184.04187497,1088528.8712462708
2024-09-29 00:00:00 UTC,19.357561204827327,152160684.27134466,445470.4969255324
2024-09-30 00:00:00 UTC,18.94236523437744,148631174.48472604,687147.6080267429
2024-10-01 00:00:00 UTC,18.803347248901673,147218316.75212654,1369831.715706871
2024-10-02 00:00:00 UTC,17.62880921775051,138157345.19466355,1927237.2479800365
2024-10-03 00:00:00 UTC,17.396756697094155,136177225.04205835,1229142.0793509774
2024-10-04 00:00:00 UTC,16.747397307738055,131051015.60594521,1800191.9644294635
2024-10-05 00:00:00 UTC,17.538121296878785,137388419.41157287,1229794.4251927799
2024-10-06 00:00:00 UTC,17.088548759469198,133855250.83546291,613259.2471260279
2024-10-07 00:00:00 UTC,17.61822074544782,138091089.7600736,668810.1102147988
2024-10-08 00:00:00 UTC,16.934845435138477,132705073.58621669,2020186.804266891
2024-10-09 00:00:00 UTC,17.089373589469094,134060036.42250636,882297.5138082213
2024-10-10 00:00:00 UTC,16.624415706791048,130242640.19651514,1190708.0373171964
2024-10-11 00:00:00 UTC,16.140808706927757,126398737.85725787,795185.3929495135
2024-10-12 00:00:00 UTC,17.16125846928292,134448491.39697385,2545451.1202464593
2024-10-13 00:00:00 UTC,17.172957024449396,134466731.84625214,727878.7391899602
2024-10-14 00:00:00 UTC,16.893076438356598,132725785.87447746,513412.6002858128
2024-10-15 00:00:00 UTC,18.91631025017343,148006326.97789285,1874556.2250192952
2024-10-16 00:00:00 UTC,18.533317945667868,145227270.2761188,2085375.3274057424
2024-10-17 00:00:00 UTC,18.934182671675575,148288831.57451874,1169137.0679050884
2024-10-18 00:00:00 UTC,18.82910059472121,147457805.46340206,1255181.033214776
2024-10-19 00:00:00 UTC,17.800814309895273,139468566.2293614,3145989.2817780618
2024-10-20 00:00:00 UTC,18.33372342205224,143582637.14893964,1248130.6985061846
2024-10-21 00:00:00 UTC,18.15790911903946,142228965.67615741,1063067.2101558517
2024-10-22 00:00:00 UTC,18.182205775901263,142473684.30592605,1453741.0672508993
2024-10-23 00:00:00 UTC,18.07158218911672,142035200.6048086,909575.0404082573
2024-10-24 00:00:00 UTC,18.16677747523642,142312326.06650385,980776.6883394748
2024-10-25 00:00:00 UTC,19.678335041739825,154054047.7610882,2927162.6952501754
2024-10-26 00:00:00 UTC,19.451109227887006,152962747.75892386,4161423.1027359455
2024-10-27 00:00:00 UTC,20.23028290690955,158487404.88190016,2549599.757423497
2024-10-28 00:00:00 UTC,23.40263939509072,183325706.48212394,4233286.831652837
2024-10-29 00:00:00 UTC,23.24544641965187,182331106.57698396,4011684.1195332427
2024-10-30 00:00:00 UTC,24.157227280588852,189322730.39934915,5593643.296452627
2024-10-31 00:00:00 UTC,24.050735650257753,189196466.65810847,1777012.1079971283
2024-11-01 00:00:00 UTC,21.363599017476037,167525616.41731864,2733636.285807563
2024-11-02 00:00:00 UTC,22.07830793018023,172953767.0014568,2503346.8201362137
2024-11-03 00:00:00 UTC,22.66649799573097,177886344.24971938,1616887.6837463295
2024-11-04 00:00:00 UTC,20.629904066433255,161487027.8868548,3015314.397398471
2024-11-05 00:00:00 UTC,18.89778512476499,147955356.4958391,3734711.6953528095
2024-11-06 00:00:00 UTC,21.618528987220497,169373742.64979503,3914273.5053084297
2024-11-07 00:00:00 UTC,26.779761955697758,209844544.7249755,10290890.258408522
2024-11-08 00:00:00 UTC,32.24004400232621,251753444.9740581,14216582.306852302
2024-11-09 00:00:00 UTC,27.974172466348257,219154287.4599217,8237554.917495917
2024-11-10 00:00:00 UTC,30.160315474507772,236977823.6636212,8015628.352366672
2024-11-11 00:00:00 UTC,27.72871792042894,217184134.73106033,5425079.639900928
2024-11-12 00:00:00 UTC,27.614002758255303,215500557.19127,6660986.451708297
2024-11-13 00:00:00 UTC,27.831026048863798,217909574.14948955,5699597.136176057
2024-11-14 00:00:00 UTC,26.195403677594545,207296262.1516323,8485237.076884415
2024-11-15 00:00:00 UTC,22.289544249575115,174166347.61023673,14810541.321671695
2024-11-16 00:00:00 UTC,20.385040637234997,159725682.20750058,5280747.862982121
2024-11-17 00:00:00 UTC,22.70073492242656,177349499.32426414,6579777.056377058
2024-11-18 00:00:00 UTC,21.39275707284644,167667896.70346007,3523513.601582397
2024-11-19 00:00:00 UTC,22.941292397375513,179781466.95839345,3907822.294413461
2024-11-20 00:00:00 UTC,21.95718090289219,172061099.91150162,3496791.627643547
2024-11-21 00:00:00 UTC,20.284041831620538,158876555.67987278,3257105.0988400592
2024-11-22 00:00:00 UTC,24.877722377645373,193795117.5338267,9112420.691145135
2024-11-23 00:00:00 UTC,23.152128627008395,181407976.45108455,3550985.184653528
2024-11-24 00:00:00 UTC,22.73740135396502,178173681.1212764,3281970.013673681
2024-11-25 00:00:00 UTC,23.64505542476049,184529541.94185072,3236322.961292557
2024-11-26 00:00:00 UTC,21.489955207673887,168377550.63209182,3575293.665100925
2024-11-27 00:00:00 UTC,21.21229301914256,166188956.36880648,3191143.805250347
2024-11-28 00:00:00 UTC,22.132665475499753,173362614.4022711,3441416.315028604
2024-11-29 00:00:00 UTC,22.71679355641236,130469784.78938726,3175559.7325695837
2024-11-30 00:00:00 UTC,20.552394505332508,117741225.69703692,4000887.999340828
2024-12-01 00:00:00 UTC,20.880591015159645,118935390.47478646,4880527.725901057
2024-12-02 00:00:00 UTC,20.227861589536356,114620365.41399978,4556288.87062375
2024-12-03 00:00:00 UTC,19.334708147946685,109254358.92708519,6316485.532290961
2024-12-04 00:00:00 UTC,21.876527740230028,123253392.86097436,7861747.564006407
2024-12-05 00:00:00 UTC,23.836723816147185,133864583.51135702,6365120.257146649
2024-12-06 00:00:00 UTC,22.590643360281117,126570951.30729136,5378237.44399788
2024-12-07 00:00:00 UTC,22.97059454426316,111572872.48088716,3080212.515517119
2024-12-08 00:00:00 UTC,22.557998450145053,109549228.36269146,2606396.5574095985
2024-12-09 00:00:00 UTC,23.865392015127767,115550752.08920483,4207243.444395069
2024-12-10 00:00:00 UTC,21.99343339849348,106788565.89586067,3729441.046826911
2024-12-11 00:00:00 UTC,21.405316797551162,103593157.53859788,5021722.737012165
2024-12-12 00:00:00 UTC,22.576996037118946,108669950.46002024,3817985.1605585236
2024-12-13 00:00:00 UTC,20.54122832096047,98750699.82703307,5169423.007156815
2024-12-14 00:00:00 UTC,19.875972550197282,95372749.09468031,3557811.856699369
2024-12-15 00:00:00 UTC,18.941930030120407,90825857.77263501,2864050.235885686
2024-12-16 00:00:00 UTC,18.18777422899491,87168197.64036793,3213379.2750265626
2024-12-17 00:00:00 UTC,20.967387530142197,99924553.42284007,6864604.63617657
2024-12-18 00:00:00 UTC,19.819284974591728,85598648.75587156,9985916.03536075
2024-12-19 00:00:00 UTC,19.714007851301243,84822249.16430359,3922421.234934602
2024-12-20 00:00:00 UTC,18.38209690542036,79113199.68249603,2273835.8679635953
2024-12-21 00:00:00 UTC,18.216340210970728,78008797.48630923,3350307.6687149787
2024-12-22 00:00:00 UTC,16.860495971395917,70060637.0914123,1408542.2194144318
2024-12-23 00:00:00 UTC,16.979413540178157,70565013.82668243,945065.8404727583
2024-12-24 00:00:00 UTC,17.503325031518568,72937590.30103825,565186.1677897825
2024-12-25 00:00:00 UTC,18.0800978414412,74837285.00769067,698489.2140287793
2024-12-26 00:00:00 UTC,17.603127921148143,72838056.99269827,705216.454121818
2024-12-27 00:00:00 UTC,17.069819179595164,67846051.13833885,571330.1126081939
2024-12-28 00:00:00 UTC,16.901409783572884,67160779.4270007,693018.5166765846
2024-12-29 00:00:00 UTC,16.960034025060544,67279985.06240527,546726.400717628
2024-12-30 00:00:00 UTC,16.49834028210499,65282829.36722774,612013.5156977263
2024-12-31 00:00:00 UTC,16.2906840699007,64246372.97000111,753500.8785963819
2025-01-01 00:00:00 UTC,15.594154348999856,61456988.31289406,764709.6377452868
2025-01-02 00:00:00 UTC,15.489046179449979,61052463.59149312,725182.1543738802
2025-01-03 00:00:00 UTC,16.007618956565434,63081200.12376716,1129370.5929233783
2025-01-04 00:00:00 UTC,16.991142634870222,67047303.01482248,1840058.326855682
2025-01-05 00:00:00 UTC,16.264402273369004,64082012.468503445,1895358.5679437136
2025-01-06 00:00:00 UTC,16.304948224576098,64548684.87042873,1120974.552687586
2025-01-07 00:00:00 UTC,15.220162171714291,60074350.3187006,1060051.6326717436
2025-01-08 00:00:00 UTC,14.430441403599193,57054064.77460571,1830599.5614461608
2025-01-09 00:00:00 UTC,13.276170935353628,52284788.08256522,1253411.2200097532
2025-01-10 00:00:00 UTC,12.62749051728749,49652603.22974071,1532837.3316530294
2025-01-11 00:00:00 UTC,12.850824206925251,50653992.4942756,864915.2695846823
2025-01-12 00:00:00 UTC,12.427103541643154,48985929.700507976,686676.627720898
2025-01-13 00:00:00 UTC,13.414261790503822,52850670.04663541,1255933.4065131883
2025-01-14 00:00:00 UTC,12.351878491466085,48612425.26907919,950651.037743618
2025-01-15 00:00:00 UTC,12.268585863877476,48320375.5686889,1159586.302931987
2025-01-16 00:00:00 UTC,13.327031771051399,52508225.22514782,1258766.8425318615
2025-01-17 00:00:00 UTC,13.021476925744325,51304345.55324148,949511.0645172225
2025-01-18 00:00:00 UTC,13.732020377905078,54182341.20953222,1074127.2080058362
2025-01-19 00:00:00 UTC,12.846782597979987,50620589.44405895,1512372.6220062731
2025-01-20 00:00:00 UTC,12.743992616170898,50617689.01372298,900279.6220908758
2025-01-21 00:00:00 UTC,12.230307199556565,48205743.871820845,838006.8882850728
2025-01-22 00:00:00 UTC,12.545444960845128,49541921.1606359,971615.6091814329
2025-01-23 00:00:00 UTC,12.45056900275496,49075288.588427,557039.9781970409
2025-01-24 00:00:00 UTC,13.311247390646688,52646728.57380153,1482562.4560715747
2025-01-25 00:00:00 UTC,13.856675542826753,54593764.00367531,1637256.6094352652
2025-01-26 00:00:00 UTC,14.41309816646932,56805792.80516295,1154935.3867946307
2025-01-27 00:00:00 UTC,14.275955585734595,56321192.2520151,1045694.183682233
2025-01-28 00:00:00 UTC,13.469906174057074,52771204.18654344,980132.4463951639
2025-01-29 00:00:00 UTC,13.344290926606627,52548782.95924934,756529.436320702
2025-01-30 00:00:00 UTC,13.655279213437597,53835469.99029721,553413.7258959608
2025-01-31 00:00:00 UTC,13.34210909337451,52598326.18253864,699892.6893323251
2025-02-01 00:00:00 UTC,13.517309086796914,53257913.85214613,608719.2134435418
2025-02-02 00:00:00 UTC,12.820289785860195,50535129.4415016,662089.1196487461
2025-02-03 00:00:00 UTC,11.37054946634133,44723366.3555469,763828.068276563
2025-02-04 00:00:00 UTC,13.224206923101036,52091020.420138955,2581044.0743940864
2025-02-05 00:00:00 UTC,12.282887442712838,48334722.35034581,913658.8438588823
2025-02-06 00:00:00 UTC,11.427325525936896,44957025.73726656,783615.8163598205
2025-02-07 00:00:00 UTC,11.171978433329324,43996507.758216605,682248.7372615504
2025-02-08 00:00:00 UTC,11.2417554840293,44315768.294704415,736514.9223944145
2025-02-09 00:00:00 UTC,10.564932028550922,41634763.83731111,548144.5626455412
2025-02-10 00:00:00 UTC,11.240255516377815,44488084.677558236,1096913.0244916775
2025-02-11 00:00:00 UTC,11.370988964576375,44801381.64423008,824804.1862683628
2025-02-12 00:00:00 UTC,11.49277003413817,45282390.266110234,663079.5179134913
2025-02-13 00:00:00 UTC,11.217193127443707,44176967.3593246,637175.658876471
2025-02-14 00:00:00 UTC,11.077814047124198,43645824.43834679,644976.5428359228
2025-02-15 00:00:00 UTC,13.158700673417703,51839958.52682008,2168285.513891536
2025-02-16 00:00:00 UTC,13.234302552760822,52143306.35225072,952854.4797887965
2025-02-17 00:00:00 UTC,13.140807355742204,51753159.5355445,635600.5561458487
2025-02-18 00:00:00 UTC,13.221407224318675,52097525.582439624,738998.2501248693
2025-02-19 00:00:00 UTC,12.770590446290715,50284995.50287241,1007196.0909958461
2025-02-20 00:00:00 UTC,13.197658954435676,52015858.08716553,865779.5985568715
2025-02-21 00:00:00 UTC,12.657745080712658,49835047.78400741,617382.4933196504
2025-02-22 00:00:00 UTC,13.741255013885786,54172316.8339468,1386119.6745700936
2025-02-23 00:00:00 UTC,14.058506683334526,55527500.96138329,901703.767644484
2025-02-24 00:00:00 UTC,14.371728942124667,56585999.6675398,3342920.7709569894
2025-02-25 00:00:00 UTC,13.208037968469792,51974754.413295135,1277697.0443447304
2025-02-26 00:00:00 UTC,13.080822297297622,51715484.0573273,987284.7270969665
2025-02-27 00:00:00 UTC,12.96317664253541,51101749.12474723,729445.329520039
2025-02-28 00:00:00 UTC,13.569397760771894,53440517.932471655,734369.9427733414
2025-03-01 00:00:00 UTC,12.96014604036454,51244047.25282449,967562.7464295899
2025-03-02 00:00:00 UTC,12.439298371999934,48962688.55139133,632035.114613012
2025-03-03 00:00:00 UTC,13.949942954493345,54987244.94655321,1167222.4498496181
2025-03-04 00:00:00 UTC,12.441206092612262,49075207.239439785,750356.2383717422
2025-03-05 00:00:00 UTC,13.324488122882725,51991337.29185053,1154570.7116214223
2025-03-06 00:00:00 UTC,14.19954992816887,56081935.56551668,1789068.8918061156
2025-03-07 00:00:00 UTC,14.8964118883973,58680883.103557594,494861.0579529175
2025-03-08 00:00:00 UTC,14.391588871436793,56767177.86270996,1328062.0982812697
2025-03-09 00:00:00 UTC,17.268390352993354,68178080.03720441,5515408.417525297
2025-03-10 00:00:00 UTC,14.17951748506611,55457613.2469103,2696728.8975355932
2025-03-11 00:00:00 UTC,13.734263594608105,54099739.6514252,1278076.081795373
2025-03-12 00:00:00 UTC,13.409136421837196,52808664.427248016,768386.6593805157
2025-03-13 00:00:00 UTC,14.80984732798164,58257093.32493626,3110695.5872169407
2025-03-14 00:00:00 UTC,14.215877823788038,56010260.001485504,5170785.7798769595
2025-03-15 00:00:00 UTC,15.659163145904325,60273903.40784878,1481997.101518175
2025-03-16 00:00:00 UTC,15.957482147400746,63048441.0518125,2362672.228363157
2025-03-17 00:00:00 UTC,15.104429251908398,59478609.90970701,938674.1446901315
2025-03-18 00:00:00 UTC,15.030413725196441,59100890.61348512,875959.9016118149
2025-03-19 00:00:00 UTC,13.92990729471359,54906173.33440484,918195.2778325308
2025-03-20 00:00:00 UTC,14.072836813956089,55419977.39414068,824845.0480502795
2025-03-21 00:00:00 UTC,13.679613634244985,53906941.05696293,711552.2164989433
2025-03-22 00:00:00 UTC,13.04742715827553,51327699.04384966,762222.5631241888
2025-03-23 00:00:00 UTC,13.450253085748795,52994061.73944583,289267.3880457618
2025-03-24 00:00:00 UTC,13.373666975871032,52710636.40142282,682913.3400753805
2025-03-25 00:00:00 UTC,13.458178804444685,52933362.15748161,836516.6943303316
2025-03-26 00:00:00 UTC,14.155005695987086,55770425.09665327,344468.651938967
2025-03-27 00:00:00 UTC,13.868820881686007,38977290.31950238,1083439.6325763846
2025-03-28 00:00:00 UTC,14.095628459265239,39261055.97582095,222952.81881504337
2025-03-29 00:00:00 UTC,12.240516997131412,33899728.84998193,1573172.296846512
2025-03-30 00:00:00 UTC,11.488857164599157,31298049.454788275,1378202.4125279926
2025-03-31 00:00:00 UTC,12.012548089300793,32155312.50029696,744680.1407546265
2025-04-01 00:00:00 UTC,11.669477790438949,30156779.631305147,1024756.0442279368
2025-04-02 00:00:00 UTC,12.174288143342839,30594602.32119844,1377566.8960711022
2025-04-03 00:00:00 UTC,11.784736450534036,29338207.059593998,836736.3781747099
2025-04-04 00:00:00 UTC,11.474083230277024,28476244.986844208,643006.0721205327
2025-04-05 00:00:00 UTC,11.05365977044474,27360575.23312958,532033.8626721604
2025-04-06 00:00:00 UTC,10.982508127902406,27121653.5890245,117111.52977433456
2025-04-07 00:00:00 UTC,9.521637405666453,23320537.85933388,599587.8955274743
2025-04-08 00:00:00 UTC,9.645903290214711,23335655.69927889,869129.1106507626
2025-04-09 00:00:00 UTC,9.363655038790736,22260509.460010875,688164.9296776954
2025-04-10 00:00:00 UTC,11.11585141435,26205458.24223628,858027.045611283
2025-04-11 00:00:00 UTC,10.61573592224041,24841780.15145569,402873.56074369006
2025-04-12 00:00:00 UTC,10.987311143548865,24982106.491719585,815898.0230955915
2025-04-13 00:00:00 UTC,11.388294849392334,25912270.90791034,9959.832005505004
2025-04-14 00:00:00 UTC,10.94447297559642,24593821.851801295,455983.4669157714
2025-04-15 00:00:00 UTC,10.855456556911951,24191177.57099656,350736.4222508927
2025-04-16 00:00:00 UTC,10.83497876765452,23424895.046986867,521668.4340999903
2025-04-17 00:00:00 UTC,13.443419801084334,28731191.577793993,2137002.0200740835
2025-04-18 00:00:00 UTC,13.361039719117695,27710012.5209521,1905915.9213104816
2025-04-19 00:00:00 UTC,15.637271867114633,31809083.138513528,1349261.2045872028
2025-04-20 00:00:00 UTC,16.837504938382907,33669709.0767477,1169088.5444024855
2025-04-21 00:00:00 UTC,15.200600720738388,30347761.629339874,422036.2649519548
2025-04-22 00:00:00 UTC,14.402973084341324,28218544.81629416,730716.8399884958
2025-04-23 00:00:00 UTC,17.48199248781928,32969830.988186035,854548.3338105095
2025-04-24 00:00:00 UTC,17.487005543776785,31782042.995089572,1219005.2406806636
2025-04-25 00:00:00 UTC,16.649536103551362,29625212.712762807,1209818.6466223814
2025-04-26 00:00:00 UTC,16.041282353899028,28125304.228045836,1105454.636199224
2025-04-27 00:00:00 UTC,15.881194263736964,27761746.437677603,783557.0918253027
2025-04-28 00:00:00 UTC,14.863817261451434,25986479.227477208,386734.2684694993
2025-04-29 00:00:00 UTC,14.450172016271104,25383108.644995112,661110.9840344802
2025-04-30 00:00:00 UTC,13.702104784890889,23951065.927816838,689604.723265888
2025-05-01 00:00:00 UTC,13.541659925441184,23672031.394627422,836947.7221481288
2025-05-02 00:00:00 UTC,3.6570156250358834,6386364.097859146,216074.58752221894
2025-05-03 00:00:00 UTC,2.802500168490543,4898207.633107066,24962.12782832607
2025-05-04 00:00:00 UTC,2.6542778880873272,4639914.88804291,2040.7372489089112
2025-05-05 00:00:00 UTC,2.503878386258676,4377003.1217877725,6687.990340196394
2025-05-06 00:00:00 UTC,2.4354684257425334,4257416.398892676,10483.773963359885
2025-05-07 00:00:00 UTC,2.21607040497875,3874180.2994391765,6576.3367059542325
2025-05-08 00:00:00 UTC,1.4880107565215128,2601175.7449131883,19439.565608735636
2025-05-09 00:00:00 UTC,1.427038352220885,2493675.0856594355,8500.959428395572
2025-05-10 00:00:00 UTC,1.5646238196251712,2735002.8862834363,28500.10771232536
2025-05-11 00:00:00 UTC,2.4641164637304986,4303590.632983823,23440.23747022381
2025-05-12 00:00:00 UTC,2.553809617500483,4464287.374976545,21787.173716358255
2025-05-13 00:00:00 UTC,3.3679005041120766,5887716.09024021,17004.106005419722
2025-05-14 00:00:00 UTC,4.493807041141258,7778851.066423026,11463.080976845025
2025-05-15 00:00:00 UTC,11.029349965715165,19280759.563793868,140607.67940418475
2025-05-16 00:00:00 UTC,16.060107008168625,28082433.00079044,367769.10569930007
2025-05-17 00:00:00 UTC,15.982019289093502,27330166.05069343,129261.12004937232
2025-05-18 00:00:00 UTC,24.07197825261732,42409747.04841852,245469.19018552164
2025-05-19 00:00:00 UTC,35.1663967354883,61462777.74050794,208864.36062678625
2025-05-20 00:00:00 UTC,33.637384743362475,58785362.02452092,116693.9677898878
2025-05-21 00:00:00 UTC,35.30534459670722,61729116.74057793,118087.3545480483
2025-05-22 00:00:00 UTC,21.445300584121327,37488301.39655147,95219.74609550985
2025-05-23 00:00:00 UTC,16.227493258152332,28367107.703382146,52861.5484217326
2025-05-24 00:00:00 UTC,13.894443434910047,24243692.587745737,44451.66640697246
2025-05-25 00:00:00 UTC,13.455137927160628,23527237.983899128,12746.940974104167
2025-05-26 00:00:00 UTC,12.481487318396745,21818754.959104884,9531.457622781954
2025-05-27 00:00:00 UTC,11.464237371086048,20040511.167612135,19425.02016082081
2025-05-28 00:00:00 UTC,11.00253678202524,19250290.148217343,12400.103809875727
2025-05-29 00:00:00 UTC,10.859700464400264,18979472.54569378,10041.086609620386
2025-05-30 00:00:00 UTC,10.335491965297757,18062268.926030457,24235.002761727705
2025-05-31 00:00:00 UTC,4.460679298053815,7797665.940976164,75316.48963083599
2025-06-01 00:00:00 UTC,3.591171506289701,6277688.637023696,65583.13442639937
2025-06-02 00:00:00 UTC,3.431241143777046,5998116.074782559,68343.53112708067
2025-06-03 00:00:00 UTC,3.881427920997301,6785082.782149257,67620.99678326909
2025-06-04 00:00:00 UTC,3.792045220229765,6628833.8355389135,73825.11720005785
2025-06-05 00:00:00 UTC,3.741583028965303,6540621.416793276,73590.89562319806
2025-06-06 00:00:00 UTC,3.7113334629766013,6487742.4728749525,68531.29303276923
2025-06-07 00:00:00 UTC,3.8125937942399495,6664754.497321445,68463.81781398562
2025-06-08 00:00:00 UTC,3.181443092764296,5561446.764044576,69621.71019278913
2025-06-09 00:00:00 UTC,3.471159619579678,6067897.136899639,74873.24310461448
2025-06-10 00:00:00 UTC,3.6513009867754826,6382800.341027418,68434.753831966
2025-06-11 00:00:00 UTC,2.880195844841643,5227115.5094880145,73651.37807696883
2025-06-12 00:00:00 UTC,3.4104790896396175,6136604.798244468,71615.43023193782
2025-06-13 00:00:00 UTC,3.631000537553237,6242303.102925065,70897.68615723938
2025-06-14 00:00:00 UTC,3.331058237848008,5613150.238918045,64247.61070688036
2025-06-15 00:00:00 UTC,3.3310024445647004,5857809.932846846,74569.68128394938
2025-06-16 00:00:00 UTC,3.550112142980355,6240980.255864723,64302.99123980115
2025-06-17 00:00:00 UTC,2.971195533950212,5193915.247207387,76207.0737994479
2025-06-18 00:00:00 UTC,3.100044967891678,5419155.569460051,79635.91516363273
2025-06-19 00:00:00 UTC,2.6204286092261477,4580778.395932488,78532.97521074669
2025-06-20 00:00:00 UTC,2.6201508809577554,4580300.142883232,70398.47388454589
2025-06-21 00:00:00 UTC,2.5000226485778976,4387743.967761167,80750.5315472542
2025-06-22 00:00:00 UTC,2.0704399402672595,3619313.9937458816,87263.28225808337
2025-06-23 00:00:00 UTC,2.020355531552087,3391848.5867630295,98158.13335261335
2025-06-24 00:00:00 UTC,2.101192947220693,3655959.35108985,109480.6373674326
2025-06-25 00:00:00 UTC,1.7607358457597198,3077923.5668268353,133408.6640757783
2025-06-26 00:00:00 UTC,2.3642464105650296,4132913.9532136936,102505.35117353842
2025-06-27 00:00:00 UTC,2.3507971409814017,4109403.428390934,93031.99658297183
2025-06-28 00:00:00 UTC,2.310778190463553,4039446.7274950007,83604.2950455102
2025-06-29 00:00:00 UTC,2.2506287896245083,3934300.2009340394,73952.8712473622
2025-06-30 00:00:00 UTC,2.2002685873413563,3846266.068039676,79917.45554395314
2025-07-01 00:00:00 UTC,2.2004439326205314,3846572.5872534495,70584.83026679598
2025-07-02 00:00:00 UTC,2.1401771590130876,3741220.8826069576,28687.034647689885
2025-07-03 00:00:00 UTC,5.320626512730443,9313114.579107856,13414.513497086651
2025-07-04 00:00:00 UTC,5.409562387945782,9456116.472312227,531.2793688318634
2025-07-05 00:00:00 UTC,2.2397531530867982,3897862.2538619507,44595.24181203426
2025-07-06 00:00:00 UTC,2.1801080319636297,3811023.6160461754,131708.6843035786
2025-07-07 00:00:00 UTC,2.180119636639504,3811043.902056395,134004.60366086825
2025-07-08 00:00:00 UTC,2.162856699344217,3780985.4500744394,117376.46237750405
2025-07-09 00:00:00 UTC,2.1502859875815914,3776412.45804057,133087.01054425625
2025-07-10 00:00:00 UTC,1.3316635268444843,2328047.962059818,143702.62643515447
2025-07-11 00:00:00 UTC,1.1601351910527693,2028013.6427123544,93923.995003533
2025-07-12 00:00:00 UTC,1.0103171042463839,1766124.5624192017,40134.98701014264
2025-07-13 00:00:00 UTC,0.86020793987238,1503720.331974246,11981.056205885752
2025-07-14 00:00:00 UTC,0.870284814164818,1521348.8202562097,85209.90625963655
2025-07-15 00:00:00 UTC,0.8301224414224746,1451128.192771934,72658.01691415776
2025-07-16 00:00:00 UTC,0.6468319843031396,1130720.0981104404,145156.44764108252
2025-07-17 00:00:00 UTC,0.6510808692941353,1138754.2156917322,143239.69206470312
2025-07-18 00:00:00 UTC,0.6886374080719474,1203799.7138569334,124889.24703642417
2025-07-19 00:00:00 UTC,0.6940797637380118,1213313.4377945552,125431.5294990803
2025-07-20 00:00:00 UTC,0.7283419579968409,1273206.814427066,117877.22359075387
2025-07-21 00:00:00 UTC,0.737730760402114,1289619.2798500105,129803.2970998757
2025-07-22 00:00:00 UTC,0.7375038435158788,1289222.6088595628,125071.08792005428
2025-07-23 00:00:00 UTC,0.670979296004172,1172931.756343622,125723.96276292946
2025-07-24 00:00:00 UTC,0.6625639759038913,1158221.0249630897,127076.38923118448
2025-07-25 00:00:00 UTC,0.6432668673844214,1124487.9552202723,132910.56962847634
2025-07-26 00:00:00 UTC,0.6455161865729763,1128419.9661215337,145341.15448677275
2025-07-27 00:00:00 UTC,0.641860613399189,1122717.8770943338,139782.92801664202
2025-07-28 00:00:00 UTC,0.6457040388349804,1130150.7767657568,124665.29243707842
2025-07-29 00:00:00 UTC,0.6425536457179267,1122109.532305395,125731.4421810769
2025-07-30 00:00:00 UTC,0.6364702382580634,1112606.84027996,130742.16465932422
2025-07-31 00:00:00 UTC,0.6325518081294185,1105757.0743329753,122555.13296067635
2025-08-01 00:00:00 UTC,0.6340820613103647,1106902.6997799485,121188.6790153644
2025-08-02 00:00:00 UTC,0.6289718349844269,1099498.9614319897,126604.18447595382
2025-08-03 00:00:00 UTC,0.6348205779645648,1112159.2142635463,127192.36108292098
2025-08-04 00:00:00 UTC,0.6378110059801179,1114935.8447854505,126017.57454215577
2025-08-05 00:00:00 UTC,0.62302096994287,1089096.317674538,119532.00739419865
2025-08-06 00:00:00 UTC,0.6258197350056779,1093988.8090528292,117939.7535456567
2025-08-07 00:00:00 UTC,0.6252927256632301,1093067.5496379293,127446.30921801976
2025-08-08 00:00:00 UTC,0.627497032648061,1096920.875185581,140489.45450718683
2025-08-09 00:00:00 UTC,0.6336464612897029,1107670.625856138,142829.07275307697
2025-08-10 00:00:00 UTC,0.6434661825741675,1125267.8339421079,128502.49725421627
2025-08-11 00:00:00 UTC,0.6348057342197472,1109697.1385101292,119772.78269873392
2025-08-12 00:00:00 UTC,0.6343546120972148,1108908.5367355908,123852.28551002301
2025-08-13 00:00:00 UTC,0.6396424410822453,1118152.1342289746,113539.28261487593
2025-08-14 00:00:00 UTC,0.6297850391018261,1100920.5148828444,115359.26406429886
2025-08-15 00:00:00 UTC,0.6300979034517481,1101467.4297185729,118328.17360796589
2025-08-16 00:00:00 UTC,0.6023487253002663,1052959.3871304642,121741.64141495804
2025-08-17 00:00:00 UTC,0.60523389286583,1058002.9178029832,134088.36329928838
2025-08-18 00:00:00 UTC,0.6059347959549799,1059228.1590232104,116712.39686992216
2025-08-19 00:00:00 UTC,0.6066120403424539,1060412.0427191819,130683.11138299666
2025-08-20 00:00:00 UTC,1.0461663536616035,1831752.6635960822,479.57438554310124
2025-08-21 00:00:00 UTC,1.0925957599806488,1910735.9407801428,286.0436941621083
2025-08-22 00:00:00 UTC,1.0210540796570498,1784614.220112887,201.0349828925321
2025-08-23 00:00:00 UTC,0.9829516788049961,1718555.1469709983,1040.7063454778142
2025-08-24 00:00:00 UTC,1.0767207729699793,1881968.5044345397,543.6319471569021
2025-08-25 00:00:00 UTC,1.0419094433715261,1821350.7937466537,2692.6285166425696
2025-08-26 00:00:00 UTC,1.0005821236619914,1749106.9466107537,613.4910056925017
2025-08-27 00:00:00 UTC,1.0900148121296394,1897044.8673728392,2312.071659708025
2025-08-28 00:00:00 UTC,1.055819670858954,1845667.11416836,429.86116261401634
2025-08-29 00:00:00 UTC,1.0560043358469964,1843613.9578164227,19.035309175237376
2025-08-30 00:00:00 UTC,0.9229620026145013,1671172.7308015397,1548.9344140152666
2025-08-31 00:00:00 UTC,0.9879538716439763,1727031.6338443998,112.9351242441371
2025-09-01 00:00:00 UTC,1.0232014274120165,1788657.4945638005,400.53237875606663
2025-09-02 00:00:00 UTC,1.0091515058939762,1764086.992361792,256.86519272798364
2025-09-03 00:00:00 UTC,0.9961056830413476,1741281.7284697357,6.2191613869513755
2025-09-04 00:00:00 UTC,1.0035790852109014,1754345.9031541094,40.448764580638276
2025-09-05 00:00:00 UTC,0.9911877801393478,1732684.794819589,143.84410273296487
2025-09-06 00:00:00 UTC,0.9802746779563983,1713607.7172006029,61.05901665074099
2025-09-07 00:00:00 UTC,0.9556970197660103,1670643.7748558216,65.51045309064861
2025-09-08 00:00:00 UTC,0.9707435194440471,1696946.4005840435,253.1306542365513
2025-09-09 00:00:00 UTC,0.9583487556913296,1675279.246165841,35.16386313743879
2025-09-10 00:00:00 UTC,0.6678936023192716,1167537.6880990095,131207.16318074556
2025-09-11 00:00:00 UTC,0.665311056708819,1161290.2659895187,118137.48003860294
2025-09-12 00:00:00 UTC,0.6634963276459459,1159850.859106782,134640.00979273333
2025-09-13 00:00:00 UTC,0.6647690405087856,1162075.6748982999,144021.28210966056
2025-09-14 00:00:00 UTC,0.6641853232663906,1161055.28500787,131968.1113650077
2025-09-15 00:00:00 UTC,0.6643957629930878,1161423.1524513357,133430.88532308268
2025-09-16 00:00:00 UTC,0.6659551305566225,1164149.0662700993,115772.91956671927
2025-09-17 00:00:00 UTC,0.6658560711427005,1166270.5331560108,127335.66960350946
2025-09-18 00:00:00 UTC,0.6662445169339118,1164654.9395120863,129180.67093527188
2025-09-19 00:00:00 UTC,0.6604805510505879,1154579.012181253,113735.45865648615
2025-09-20 00:00:00 UTC,0.6754472873477755,1180742.204393495,136044.37707424047
2025-09-21 00:00:00 UTC,0.6867098861694493,1200430.2333618542,118634.0793476254
2025-09-22 00:00:00 UTC,0.6845361504337937,1196630.3490890712,137320.8148976408
2025-09-23 00:00:00 UTC,0.6678188501512666,1167407.0146307955,120149.2265457187
2025-09-24 00:00:00 UTC,0.6705418731148843,1172603.631140214,113257.10253022646
2025-09-25 00:00:00 UTC,0.6840756632079242,1195825.3762771983,125682.65394184485
2025-09-26 00:00:00 UTC,0.6858106983097052,1198858.372647383,121403.33050660134
2025-09-27 00:00:00 UTC,0.6858895102336079,1198996.1429316148,121255.55532170268
2025-09-28 00:00:00 UTC,0.6867270661697963,1200981.307749103,128713.98170816434
2025-09-29 00:00:00 UTC,0.6847462499865679,1196928.8573504412,105839.13942532288
2025-09-30 00:00:00 UTC,0.6858844508376922,1197947.9141801137,117468.03936191222
2025-10-01 00:00:00 UTC,0.6872420344673154,1201360.4761299524,121220.47564076353
2025-10-02 00:00:00 UTC,0.6846772439378441,1196870.4509944834,126561.68783468522
2025-10-03 00:00:00 UTC,0.6814319106686676,1191203.8606392718,140529.24819858832
2025-10-04 00:00:00 UTC,0.6519243804250316,1139622.0614986091,114635.8843185715
2025-10-05 00:00:00 UTC,0.6506440833937095,1137383.912025657,119035.74371083111
2025-10-06 00:00:00 UTC,0.6510382742578928,1138086.0238634106,131899.8357242088
2025-10-07 00:00:00 UTC,0.645552369357878,1128483.2168622003,117706.87027519489
2025-10-08 00:00:00 UTC,0.2997120816721896,523745.83628653036,129744.3397743044
2025-10-09 00:00:00 UTC,0.282529512104634,493886.8290352352,118439.66181796107
2025-10-10 00:00:00 UTC,0.28110153290072193,491390.1799101568,131264.85620012684
2025-10-11 00:00:00 UTC,0.2734802474058411,478067.90585834556,115466.71511907717
2025-10-12 00:00:00 UTC,0.27058095843932584,472999.6897153227,121773.24356299291
2025-10-13 00:00:00 UTC,0.2712527671314077,473124.63884605916,124477.65461275021
2025-10-14 00:00:00 UTC,0.29123636215262194,508622.01287236327,130373.56982401005
2025-10-15 00:00:00 UTC,0.27841317035929564,486691.0959003632,127251.8257672276
2025-10-16 00:00:00 UTC,0.2776052338764366,485278.7507453079,126929.65616685564
2025-10-17 00:00:00 UTC,0.2665107149522531,465884.54045443,125318.26836876597
2025-10-18 00:00:00 UTC,0.24121134481378642,421658.9811449001,119849.12699597063
2025-10-19 00:00:00 UTC,0.23923635726591433,418206.5264610107,132552.67531611773
2025-10-20 00:00:00 UTC,0.23911074304756882,417986.94158466184,120208.03458000164
2025-10-21 00:00:00 UTC,0.23926412018959856,418255.0585320181,124754.93296917649
2025-10-22 00:00:00 UTC,0.23927217155419583,418269.1330366627,125196.19286962296
2025-10-23 00:00:00 UTC,0.22474492092676382,392199.88576222956,133676.28234975616
2025-10-24 00:00:00 UTC,0.22325118092895352,390263.01006932557,119577.61348697393
2025-10-25 00:00:00 UTC,0.22303870662341246,390075.05805965536,122389.30970763766
2025-10-26 00:00:00 UTC,0.22292775278683166,390223.56289838237,119593.19843134643
2025-10-27 00:00:00 UTC,0.2226031822952429,389130.2505638196,118373.87225168601
2025-10-28 00:00:00 UTC,0.22329192214634688,390334.22935724887,130968.3220635415
2025-10-29 00:00:00 UTC,0.22262153169500606,389162.32695398567,135321.6781549487
2025-10-30 00:00:00 UTC,0.21371286246470553,373589.1772171631,114221.57450887976
2025-10-31 00:00:00 UTC,0.2100650423566002,367387.6865246907,130984.01250171689
2025-11-01 00:00:00 UTC,0.20856532640087214,365656.1391740684,132877.7581644558
2025-11-02 00:00:00 UTC,0.20923573420473876,365413.1767759584,134609.53529915994
2025-11-03 00:00:00 UTC,0.20936492808407275,366341.2998086182,136906.1260722048
2025-11-04 00:00:00 UTC,0.20465104576773374,357920.7616254907,113484.76350069797
2025-11-05 00:00:00 UTC,0.20447409113209727,357438.9795133789,125826.78651507047
2025-11-06 00:00:00 UTC,0.20441100936836734,356969.68496227945,132222.72706885517
2025-11-07 00:00:00 UTC,0.20468246373034055,357803.2334316248,108939.68278967713
2025-11-08 00:00:00 UTC,0.19832400909944617,346688.08665696206,130041.29267458236
2025-11-09 00:00:00 UTC,0.19864275157662573,346356.2429630087,125276.3856090508
2025-11-10 00:00:00 UTC,0.1986476264109922,347253.7986303053,125055.3690623612
2025-11-11 00:00:00 UTC,0.19322474015217764,338658.52603000926,130803.21295308575
2025-11-12 00:00:00 UTC,0.19346857323706357,336991.0516148554,129704.48476193867
2025-11-13 00:00:00 UTC,0.19302661419904033,337427.7670888601,126010.59374662227
2025-11-14 00:00:00 UTC,0.19262740426007985,336729.91244916664,116456.07912073853
2025-11-15 00:00:00 UTC,0.19219583879963034,335975.4974671891,122915.97097680105
2025-11-16 00:00:00 UTC,0.19257594725134242,336639.96100059885,115599.14383877715
2025-11-17 00:00:00 UTC,0.18606254655813015,324382.5891968264,72224.07456754561
2025-11-18 00:00:00 UTC,0.1858810014353257,324962.9931885441,51155.17074772078
2025-11-19 00:00:00 UTC,0.18540874402209637,324111.0494204433,51191.08435732622
2025-11-20 00:00:00 UTC,0.18660051526517274,325313.3845381854,57960.92704054839
2025-11-21 00:00:00 UTC,0.18588212581226934,324938.5630827505,50502.42814394593
2025-11-22 00:00:00 UTC,0.18597357475859694,325103.3563226971,58310.77335605524
2025-11-23 00:00:00 UTC,0.18539304670137602,324083.60910138726,47264.63302046795
2025-11-24 00:00:00 UTC,0.1854343331381469,324184.2583881565,49512.64635316647
2025-11-25 00:00:00 UTC,0.1856171732382331,324475.4023118254,52521.43678938136
2025-11-26 00:00:00 UTC,0.18531914511430944,323953.93425509887,54635.91230939522
2025-11-27 00:00:00 UTC,0.18526798686498455,323864.9933342238,55298.434780618976
2025-11-28 00:00:00 UTC,0.18538678285341445,324072.6593355229,46951.0496599505
2025-11-29 00:00:00 UTC,0.18551736152396647,324300.922517865,50638.16894074636
2025-11-30 00:00:00 UTC,0.18643633774406063,325907.37505416863,50897.96036788233
2025-12-01 00:00:00 UTC,0.18710371882058702,326726.0382978022,48177.420233117264
2025-12-02 00:00:00 UTC,0.18761420654785424,327966.39495687425,51160.73217359726
2025-12-03 00:00:00 UTC,0.1870196577491614,327282.5325486361,57187.97667314713
2025-12-04 00:00:00 UTC,0.1869948895015086,326883.7734285653,55388.84322619793
2025-12-05 00:00:00 UTC,0.18681840265550886,326231.6643967227,56634.508815260306
2025-12-06 00:00:00 UTC,0.18671906297191765,326745.4993992097,47375.066729320955
2025-12-07 00:00:00 UTC,0.18697136850515897,326842.65662552277,52043.82357169791
2025-12-08 00:00:00 UTC,0.1868145050738632,326384.5126150217,54271.006908927186
2025-12-09 00:00:00 UTC,0.18664846448054997,326278.1915414724,54442.899644083824
2025-12-10 00:00:00 UTC,0.1876829150755116,328085.9294504522,52382.224466840154
2025-12-11 00:00:00 UTC,0.18727065611628974,327365.83810886525,53151.65481749159
2025-12-12 00:00:00 UTC,0.18722812138474224,327291.48359796347,49715.46718906393
2025-12-13 00:00:00 UTC,0.18722298732709028,326932.53239473165,46591.17048598717
2025-12-14 00:00:00 UTC,0.1874259275030763,327637.26636529295,56736.878677160305
2025-12-15 00:00:00 UTC,0.18776704429834587,328403.80787896784,57952.679044424636
2025-12-16 00:00:00 UTC,0.1878199879556609,328326.1192427337,53134.440090471726
2025-12-17 00:00:00 UTC,0.18716115393786947,327000.6393131613,55873.63584970745
2025-12-18 00:00:00 UTC,0.18723755591500102,327307.9759997598,47450.01532863049
2025-12-19 00:00:00 UTC,0.18720209728244136,327245.99114208465,54117.097908151096
2025-12-20 00:00:00 UTC,0.18729097745997428,327401.3616331842,50978.58523976792
2025-12-21 00:00:00 UTC,0.18733142982948575,327295.34253678063,55085.846560821454
2025-12-22 00:00:00 UTC,0.18694767532043985,326801.2388218268,51879.29953207138
2025-12-23 00:00:00 UTC,0.1871318006595094,327123.1063647278,47732.89739394088
2025-12-24 00:00:00 UTC,0.18703922641316492,326961.2783113084,55802.25545394443
2025-12-25 00:00:00 UTC,0.18696853858835144,326837.7096781116,48345.84704403137
2025-12-26 00:00:00 UTC,0.1865891853427398,326004.6255650183,50121.19320062308
2025-12-27 00:00:00 UTC,0.1868381556105965,326609.7885842625,48263.33093123699
2025-12-28 00:00:00 UTC,0.18676860765296113,326488.21254073153,48535.99476356016
2025-12-29 00:00:00 UTC,0.18715741382959236,327167.88047437585,49852.12008382139
2025-12-30 00:00:00 UTC,0.18707277316477966,327019.9210302796,45278.83233465394
2025-12-31 00:00:00 UTC,0.18648539505327316,325993.13161357184,53083.272466274066
2026-01-01 00:00:00 UTC,0.186721432179406,325888.58760505216,47951.28196627713
2026-01-02 00:00:00 UTC,0.18664970395392003,326280.2874334742,47062.61933179437
2026-01-03 00:00:00 UTC,0.1873010185352472,326553.7233425863,48699.833989917206
2026-01-04 00:00:00 UTC,0.18690447483802966,326725.7205189372,55120.68832201081
2026-01-05 00:00:00 UTC,0.18640882304777487,325859.2769068309,54380.47122883592
2026-01-06 00:00:00 UTC,0.1867839121013327,326514.0633073797,51500.3242218428
2026-01-07 00:00:00 UTC,0.18642032141321038,325878.18184605223,28806.817573453587
2026-01-08 00:00:00 UTC,0.1862142616294105,325519.166164938,44999.54545583512
2026-01-09 00:00:00 UTC,0.18583017449340522,324847.7475359184,49291.554622039876
2026-01-10 00:00:00 UTC,0.18494728384717324,323666.834303081,52445.397422456954
2026-01-11 00:00:00 UTC,0.18414459988521925,321901.21252745885,46282.74795121618
2026-01-12 00:00:00 UTC,0.18423065798624275,322051.6497766888,56494.0367021366
2026-01-13 00:00:00 UTC,0.18398187200758476,322490.89396807586,52562.90168518453
2026-01-14 00:00:00 UTC,0.18480126594048055,323049.12346020405,52192.26033421741
2026-01-15 00:00:00 UTC,0.18418509661565508,321972.0044303374,49840.99710293282
2026-01-16 00:00:00 UTC,0.18463901938146932,323108.32789454533,50429.58465123038
2026-01-17 00:00:00 UTC,0.18423439341648015,322058.1796424762,55163.56359347157
2026-01-18 00:00:00 UTC,0.18473330004711475,322930.31300636183,51345.2062932843
2026-01-19 00:00:00 UTC,0.1844113988859059,322367.6010171332,53934.00721393806
2026-01-20 00:00:00 UTC,0.18512096643146034,322209.845313135,53101.631846116514
2026-01-21 00:00:00 UTC,0.18495217481677623,323483.6806532735,51832.603988946335
2026-01-22 00:00:00 UTC,0.185416990774429,324159.39903014817,52504.89217171859
2026-01-23 00:00:00 UTC,0.18421314310949966,322532.67856492,49198.39553036644
2026-01-24 00:00:00 UTC,0.18470943885428207,322888.60150947305,56457.337305885216
2026-01-25 00:00:00 UTC,0.18450935357345938,322538.8345624875,53655.11034944202
2026-01-26 00:00:00 UTC,0.1842931292864771,322160.85519083694,48954.08859038551
2026-01-27 00:00:00 UTC,0.1840919013969696,321809.090861787,50089.94801864478
2026-01-28 00:00:00 UTC,0.18466037376350358,322802.83134719724,51634.985385164546
2026-01-29 00:00:00 UTC,0.18481011149267673,322365.3498360657,50276.59738987047
2026-01-30 00:00:00 UTC,0.18479111662627687,323031.3815522115,54220.94821143904
2026-01-31 00:00:00 UTC,0.18480747018367932,323059.9690316178,57809.07461895051
2026-02-01 00:00:00 UTC,0.18514684801871653,323653.2318081071,42599.17260074369
2026-02-02 00:00:00 UTC,0.18440286049593227,322894.549777615,53220.328880810375
2026-02-03 00:00:00 UTC,0.18482085441575383,322906.42321510345,51367.622340587775
2026-02-04 00:00:00 UTC,0.18483355234069349,323105.56297232205,54956.856689932974
2026-02-05 00:00:00 UTC,0.18440689201079635,322359.72259678645,49089.4738874792
2026-02-06 00:00:00 UTC,0.18437575157195693,322305.2863275323,55548.86019835669
2026-02-07 00:00:00 UTC,0.18486790022795718,323165.60614798305,55388.32155159561
2026-02-08 00:00:00 UTC,0.18427415714566692,322127.6901936834,53280.76397862849
2026-02-09 00:00:00 UTC,0.1842897105631101,322151.54628522875,56044.110019302556
2026-02-10 00:00:00 UTC,0.1839985669902252,321645.933980074,49469.10913201327
2026-02-11 00:00:00 UTC,0.18412070367836061,321859.43982292456,51108.841359042446
2026-02-12 00:00:00 UTC,0.18416004680893702,321928.21513018344,50633.26037914032
2026-02-13 00:00:00 UTC,0.1841490168416191,321908.9337618675,55073.837397135154
2026-02-14 00:00:00 UTC,0.184601292478976,322699.55198337696,53943.04729407095
2026-02-15 00:00:00 UTC,0.18408118663799117,321790.36050580983,53024.72209163227
2026-02-16 00:00:00 UTC,0.1841917072600932,321970.6498472012,54376.729028298585
2026-02-17 00:00:00 UTC,0.18416671096817364,321939.8646759213,48397.41342335206
2026-02-18 00:00:00 UTC,0.18403570052873006,321710.84672298137,55991.17685758342
2026-02-19 00:00:00 UTC,0.18401256818697043,321676.8992753141,54851.71773057883
2026-02-20 00:00:00 UTC,0.18409690676537377,321817.84069294913,50833.549227136406
2026-02-21 00:00:00 UTC,0.1840805640637942,321789.2721904913,50682.03207225514
2026-02-22 00:00:00 UTC,0.1840386525107267,321733.6684737258,57436.16421502488
2026-02-23 00:00:00 UTC,0.18402293990917953,321688.5400199422,49087.51447401294
2026-02-24 00:00:00 UTC,0.18421108866403105,322017.4408530917,50524.55618004262
2026-02-25 00:00:00 UTC,0.1843587346819338,322275.53928344144,9685.0855333404
2026-02-26 00:00:00 UTC,0.5428639360600243,948974.6610222335,160.37984615616867
2026-02-27 00:00:00 UTC,0.18449827592145676,322342.9334877563,40193.40440523756
2026-02-28 00:00:00 UTC,0.18468944477384194,322853.65007054375,50083.59766154436
2026-03-01 00:00:00 UTC,0.18472220100481848,322919.31799492583,46789.506793011984
2026-03-02 00:00:00 UTC,0.1847966830287458,323041.11212104326,57122.17469690288
2026-03-03 00:00:00 UTC,0.18409940469845157,321822.2073031406,47059.71782828093
2026-03-04 00:00:00 UTC,0.18460153601000456,322699.97769737244,51300.09685160537
2026-03-05 00:00:00 UTC,0.18468128844946544,322839.3920868277,52976.55509940721
2026-03-06 00:00:00 UTC,0.1842871141403712,322150.340178036,50879.85562909893
2026-03-07 00:00:00 UTC,0.18450401670699398,322529.5052430973,52126.2818208458
2026-03-08 00:00:00 UTC,0.18502435119052071,323439.09640825517,47050.34172658536
2026-03-09 00:00:00 UTC,0.18419790428078647,322167.9608687871,56745.14437979159
2026-03-10 00:00:00 UTC,0.18462321279083024,322568.20813546603,55738.51416817975
2026-03-11 00:00:00 UTC,0.18500287613879052,323229.6244188621,50909.27145867078
2026-03-12 00:00:00 UTC,0.18385182435570588,321389.4147445889,51259.50048995544
2026-03-13 00:00:00 UTC,0.1843907641677606,322331.52968625916,51293.3807983256
2026-03-14 00:00:00 UTC,0.18452215875756556,322545.0602542672,50034.29848102726
2026-03-15 00:00:00 UTC,0.18505958446877607,323676.5095263445,48891.6206336844
2026-03-16 00:00:00 UTC,0.18481198129226803,323774.30568187195,55133.56138960852
2026-03-17 00:00:00 UTC,0.18461044332010082,323763.8441091616,54892.600382856435
2026-03-18 00:00:00 UTC,0.18507236901964771,323523.0358635993,51223.981673258015
2026-03-19 00:00:00 UTC,0.1846972532783542,322867.3000340621,56605.51886838322
2026-03-20 00:00:00 UTC,0.18450287323768283,322355.66415755224,53523.19350927711
2026-03-21 00:00:00 UTC,0.1845153738456686,322549.35853617516,53770.00373267335
2026-03-22 00:00:00 UTC,0.18436230066026518,322281.7729321578,50914.578728313434
2026-03-23 00:00:00 UTC,0.1844830453791213,322492.84548834636,51121.35540766237
2026-03-24 00:00:00 UTC,0.1848458612881773,323127.0801122353,57296.80858338272
2026-03-25 00:00:00 UTC,0.18391448687375014,321498.9544245527,47778.08503756152
2026-03-26 00:00:00 UTC,0.1838794566093247,321437.71839264774,62843.750186626545
2026-03-27 00:00:00 UTC,0.18368292951427242,321094.1714722859,47588.32953397227
2026-03-28 00:00:00 UTC,0.1837615986246393,321231.6921056976,52074.06004553259
2026-03-29 00:00:00 UTC,0.18365296000000003,320338.20146106445,54057.759168000004
2026-03-30 00:00:00 UTC,0.18374896167927002,321209.6015961765,53256.2743064338
2026-03-31 00:00:00 UTC,0.1837406263838244,321195.0307550419,50924.279112629876
2026-04-01 00:00:00 UTC,0.18272991214333467,319598.88169749896,52984.88084522712
2026-04-02 00:00:00 UTC,0.18317891090942878,319506.00082259165,49204.155205507785
2026-04-03 00:00:00 UTC,0.183183232647483,320220.65670500003,55082.98807631836
2026-04-04 00:00:00 UTC,0.18238037676444574,318817.19289234624,52234.12986337968
2026-04-05 00:00:00 UTC,0.18267375063797298,319330.03663400986,54778.508584987576
2026-04-06 00:00:00 UTC,0.1825730222405996,318630.94610840635,57125.77448164338
2026-04-07 00:00:00 UTC,0.18258539428945375,319175.58184282645,50117.350919625715
2026-04-08 00:00:00 UTC,0.18216687742904294,318443.97697951033,52725.5431554042
2026-04-09 00:00:00 UTC,0.18239248875309874,318838.36573062633,51339.93573018658
2026-04-10 00:00:00 UTC,0.18179383121543835,317791.8588692701,54803.24036933565
2026-04-11 00:00:00 UTC,0.18265164377925228,319291.3918698854,47314.900793618035
2026-04-12 00:00:00 UTC,0.18230280112362443,318681.5837413935,49526.68695610042
2026-04-13 00:00:00 UTC,0.18222524286018,319236.8417408861,54779.85030532791
2026-04-14 00:00:00 UTC,0.18194558826453283,318057.1437494325,49842.98865319298
2026-04-15 00:00:00 UTC,0.181055282549212,316500.80981696566,56040.59116458634
2026-04-16 00:00:00 UTC,0.18138344242576881,317073.66984044644,47305.09126703618
2026-04-17 00:00:00 UTC,0.18210739989596544,318340.0049378229,50712.34500519847
2026-04-18 00:00:00 UTC,0.18183993898883932,317872.45937655604,54054.14235213631
2026-04-19 00:00:00 UTC,0.18202952283004853,318203.86886887293,54911.575946129786
2026-04-20 00:00:00 UTC,0.18200560949816763,318162.06622826966,53239.59976242364
2026-04-21 00:00:00 UTC,0.18192488337789417,318020.94975776295,52541.43652883527
2026-04-22 00:00:00 UTC,0.181731835431531,317683.48470014543,50697.92116379908
2026-04-23 00:00:00 UTC,0.1817618375166678,317736.15226589603,60660.58260229979
2026-04-24 00:00:00 UTC,0.18237211094344696,318802.7434987517,47332.59713305615
2026-04-25 00:00:00 UTC,0.18152530191911367,317322.44566823164,51537.283528496526
2026-04-26 00:00:00 UTC,0.18191028903912823,317995.4375497063,51577.12948645241
